/**
 * SPDX-License-Identifier: GPL-3.0-or-later
 *
 * MaNGOS is a full featured server for World of Warcraft, supporting
 * the following clients: 1.12.x, 2.4.3, 3.3.5a, 4.3.4a and 5.4.8
 *
 * Copyright (C) 2005-2026 MaNGOS <https://www.getmangos.eu>
 *
 * This program is free software: you can redistribute it and/or modify
 * it under the terms of the GNU General Public License as published by
 * the Free Software Foundation, either version 3 of the License, or
 * (at your option) any later version.
 *
 * This program is distributed in the hope that it will be useful,
 * but WITHOUT ANY WARRANTY; without even the implied warranty of
 * MERCHANTABILITY or FITNESS FOR A PARTICULAR PURPOSE. See the
 * GNU General Public License for more details.
 *
 * You should have received a copy of the GNU General Public License
 * along with this program. If not, see <https://www.gnu.org/licenses/>.
 *
 * World of Warcraft, and all World of Warcraft or Warcraft art, images,
 * and lore are copyrighted by Blizzard Entertainment, Inc.
 */

/*
 * Generated by extra/warden/generate_cata_warden_module_resource.py.
 * Build: 15595; architecture: x64; provenance:
 * signed-cross-build; mode: compatibility-probe-only; assurance: static-verified.
 * Container SHA-256: 3EAD4470F0F4B6D4E5F620153F138993CE76821AD55C08866B600F54A8462248.
 * Evidence source: Warpten/TrinityCore commit 31e402dc95fc91168399dd08f00f6bed9281aff7; lab candidate only.
 * Regenerate with the custody-pinned container/key and the matching explicit
 * --architecture/--provenance/--mode/--assurance/--symbol arguments.
 */

#include "WardenModuleWin15595X64Data.h"

#include <cstddef>

namespace
{
uint8 const EncryptedContainer[24405] =
{
        0x74, 0x34, 0x5D, 0x2C, 0x2B, 0x20, 0x6A, 0xF1, 0x5A, 0xB1, 0x8B, 0x8A, 0xC4, 0x46, 0x65, 0x4D,
        0xC3, 0xCD, 0x92, 0x28, 0x3C, 0x6E, 0x2F, 0x74, 0xA8, 0x38, 0x6F, 0x19, 0xF9, 0x34, 0xC2, 0xF1,
        0xAE, 0x52, 0xD9, 0x1F, 0x18, 0x9F, 0x52, 0x07, 0x28, 0xD4, 0xE0, 0xF8, 0x5F, 0x58, 0xC5, 0x07,
        0x50, 0x25, 0x96, 0xCF, 0x71, 0x3A, 0x05, 0x8B, 0xB8, 0x61, 0x65, 0x88, 0xAD, 0x32, 0xAD, 0xD9,
        0x4C, 0xA8, 0xF2, 0x4C, 0xA8, 0x4B, 0x47, 0x56, 0x09, 0xC9, 0x8B, 0x66, 0x37, 0x4A, 0xA1, 0xB6,
        0x35, 0xBA, 0x89, 0x97, 0xD7, 0x8D, 0x13, 0x22, 0x5C, 0xAD, 0x06, 0xEC, 0x6E, 0xCC, 0x8F, 0xB5,
        0xCA, 0xBF, 0x2D, 0xA4, 0xBC, 0x67, 0xAA, 0x5E, 0x12, 0x51, 0xFA, 0xA3, 0xB1, 0x6D, 0x64, 0x39,
        0x60, 0x52, 0xBB, 0xB2, 0xDD, 0xE5, 0x58, 0x6E, 0x00, 0xA4, 0x24, 0x85, 0xA1, 0x6E, 0x7D, 0x23,
        0xBF, 0xB6, 0x4C, 0x28, 0x36, 0xAD, 0x84, 0x59, 0x84, 0x45, 0x0D, 0xE8, 0x73, 0xA3, 0x0D, 0x90,
        0x02, 0x88, 0xCE, 0x93, 0x34, 0x94, 0x55, 0xEC, 0x9D, 0x98, 0xF4, 0x1F, 0xFE, 0xDB, 0xFE, 0x86,
        0x4F, 0x3B, 0x9E, 0xDD, 0x91, 0x1A, 0x87, 0x5D, 0x17, 0x7C, 0xC7, 0xDB, 0xFC, 0xC0, 0xAE, 0x41,
        0x94, 0x01, 0xA0, 0x72, 0x2D, 0x47, 0x15, 0x94, 0xA2, 0x33, 0xA5, 0xA1, 0x30, 0xA0, 0xF4, 0xB0,
        0x37, 0x07, 0x70, 0x93, 0xB1, 0x88, 0x87, 0xB7, 0x95, 0x85, 0x0C, 0x23, 0x55, 0x87, 0xA7, 0xB9,
        0x1F, 0x5B, 0x02, 0x57, 0x13, 0xC8, 0x7B, 0xF6, 0x61, 0x55, 0x6A, 0x9F, 0x96, 0xA8, 0x43, 0x2D,
        0x52, 0x8F, 0xFC, 0xF0, 0x10, 0x44, 0xBB, 0x2B, 0x43, 0x8E, 0xA5, 0xDA, 0x5F, 0x8F, 0x78, 0x6F,
        0x97, 0xED, 0x45, 0xD5, 0x77, 0x6A, 0x4C, 0x68, 0x7B, 0xD4, 0xBA, 0x55, 0xD9, 0x5D, 0x07, 0xBD,
        0x0C, 0x99, 0xFC, 0x26, 0x9B, 0xBA, 0x52, 0xDB, 0xBA, 0x69, 0xAD, 0x8D, 0x52, 0x2D, 0x3F, 0xC2,
        0x58, 0x3E, 0x2E, 0x1E, 0x7C, 0x47, 0xE6, 0xB5, 0xC5, 0x12, 0xD7, 0x70, 0x5C, 0x32, 0x31, 0xC8,
        0x1E, 0x59, 0x8E, 0xB6, 0xE5, 0x06, 0x40, 0xEA, 0xEE, 0x5B, 0xF5, 0xD6, 0xF0, 0x18, 0x07, 0xD8,
        0x26, 0x53, 0x75, 0xB5, 0x5D, 0x28, 0x21, 0xD5, 0x01, 0xF1, 0x67, 0xC8, 0x83, 0x72, 0x3F, 0x39,
        0x43, 0xC6, 0xE0, 0xDD, 0x38, 0xEC, 0xEA, 0xF3, 0x3D, 0xC9, 0xC0, 0xC0, 0x6C, 0x0A, 0xAA, 0x78,
        0xEC, 0x49, 0x91, 0x63, 0x8C, 0x7E, 0xC9, 0x43, 0x94, 0xE7, 0xDB, 0x78, 0x36, 0x40, 0xD5, 0x7B,
        0xFC, 0x56, 0x15, 0xF6, 0xAD, 0xE1, 0x81, 0xFC, 0x55, 0x3B, 0x02, 0xCB, 0x89, 0x82, 0xE2, 0x37,
        0xE3, 0xAB, 0x44, 0xA8, 0xBB, 0x06, 0x89, 0x47, 0x9F, 0xBA, 0xA9, 0xEB, 0x78, 0x17, 0xD1, 0xBD,
        0xA8, 0x71, 0x5A, 0xFC, 0x76, 0x99, 0xA5, 0x11, 0xD9, 0xA6, 0xB9, 0x8E, 0xBE, 0xD5, 0x72, 0x83,
        0x2D, 0x22, 0x40, 0x79, 0xD3, 0xB5, 0x51, 0x90, 0xE3, 0x1C, 0xF3, 0x47, 0xC8, 0x20, 0x4C, 0x45,
        0xA6, 0x38, 0x19, 0xFF, 0xA5, 0x4B, 0xBF, 0x5A, 0x1B, 0x72, 0xFB, 0x06, 0x07, 0xD5, 0xB6, 0xE5,
        0x50, 0x37, 0x0F, 0x5E, 0xD1, 0xC4, 0xD1, 0x91, 0xC1, 0x59, 0xEA, 0xF7, 0x7B, 0xCE, 0x51, 0x77,
        0xDE, 0x04, 0xFE, 0xF4, 0xD9, 0x57, 0x0C, 0xB8, 0x55, 0x5E, 0x13, 0x1F, 0x58, 0xD2, 0xE3, 0x00,
        0x95, 0x12, 0xD2, 0x0C, 0x7C, 0x2A, 0xF0, 0x29, 0x7C, 0x46, 0x99, 0x85, 0xCC, 0x21, 0x8A, 0xA8,
        0xF4, 0x93, 0x4D, 0x08, 0xCE, 0xF3, 0xCB, 0x5B, 0x83, 0x9D, 0xC9, 0xD1, 0x4A, 0xE2, 0xB5, 0xBC,
        0xB5, 0x4D, 0x30, 0xE1, 0x89, 0x7D, 0xA4, 0xCC, 0x7C, 0x23, 0x1F, 0xD3, 0xBE, 0x1D, 0x01, 0x58,
        0x48, 0x39, 0x4F, 0x90, 0x95, 0x3F, 0x7F, 0xB8, 0x59, 0x1B, 0xA8, 0xB4, 0x45, 0x79, 0x89, 0x90,
        0x9E, 0x75, 0x4A, 0xF2, 0xDF, 0x9C, 0x01, 0x28, 0x21, 0xDF, 0x3F, 0x79, 0xE3, 0xF4, 0x62, 0x63,
        0x68, 0x89, 0x4B, 0x1E, 0xCF, 0xC8, 0xA7, 0xAE, 0x15, 0x1B, 0xE4, 0xB0, 0x51, 0x23, 0x7A, 0x15,
        0xEE, 0x52, 0x0C, 0x9F, 0x1A, 0xF8, 0x50, 0x9E, 0x86, 0x5F, 0x89, 0xAD, 0xA3, 0x12, 0x6B, 0xD1,
        0x4B, 0x23, 0x90, 0xF8, 0xD4, 0x6C, 0xB7, 0xBC, 0x45, 0xDE, 0xBF, 0x22, 0x20, 0x73, 0xDE, 0x88,
        0xE3, 0x1C, 0xFB, 0x78, 0xE8, 0xF4, 0x64, 0x00, 0x90, 0x0A, 0x2E, 0x96, 0x09, 0xA5, 0x8C, 0x3A,
        0xBC, 0xB3, 0x67, 0x1A, 0xE0, 0x55, 0x73, 0x74, 0x2E, 0x26, 0x60, 0xB9, 0xCF, 0xAB, 0xBE, 0x41,
        0x69, 0x41, 0x7D, 0xE5, 0x7A, 0xEB, 0xFA, 0x77, 0x73, 0x45, 0xFF, 0x4F, 0x89, 0xFB, 0xB2, 0x6A,
        0x19, 0xE3, 0xFE, 0x8D, 0xF1, 0x81, 0xF1, 0x71, 0xE4, 0xE6, 0xBB, 0x39, 0xB9, 0xA8, 0x8C, 0x45,
        0x88, 0xA3, 0xC2, 0x9B, 0xD4, 0x8A, 0xE3, 0x93, 0x78, 0x5A, 0x9A, 0xA8, 0xF1, 0xAF, 0x75, 0x20,
        0x0C, 0xEA, 0xC5, 0x22, 0xCD, 0x89, 0x56, 0x36, 0xDD, 0x77, 0x18, 0x98, 0xAF, 0xB3, 0xC3, 0x5F,
        0x00, 0x9D, 0x4F, 0x88, 0x8A, 0xF8, 0xD0, 0xBB, 0xC8, 0x04, 0x10, 0x8E, 0x71, 0x8A, 0x28, 0xEA,
        0x55, 0x7B, 0x62, 0x7D, 0x61, 0xD5, 0xB0, 0xD9, 0xEE, 0x55, 0x9A, 0xD5, 0x9A, 0xAF, 0xC0, 0x44,
        0x04, 0xD7, 0xDD, 0x8C, 0xAB, 0x59, 0x9B, 0x3F, 0xCF, 0x67, 0x2E, 0x8D, 0xC0, 0x50, 0x31, 0x84,
        0x6E, 0xAF, 0xFD, 0x41, 0x11, 0x59, 0x14, 0x68, 0x7A, 0x2D, 0xBA, 0xE5, 0xDE, 0xAD, 0x0C, 0x52,
        0x5B, 0x9A, 0xF4, 0x1A, 0xD0, 0x79, 0x57, 0x56, 0x3C, 0x24, 0xC9, 0x80, 0x29, 0xF3, 0xB4, 0x69,
        0xD4, 0x64, 0x90, 0x84, 0x34, 0x10, 0xAE, 0xFC, 0x42, 0xB5, 0xA0, 0xCF, 0xFB, 0xF1, 0x64, 0x4D,
        0x9B, 0x19, 0x6A, 0x17, 0x7C, 0xA7, 0xF0, 0x19, 0xA3, 0x4B, 0x20, 0x31, 0x49, 0x45, 0xEF, 0x13,
        0xCC, 0x1A, 0xBE, 0x49, 0xBD, 0xFE, 0xAF, 0xC4, 0xD5, 0x88, 0x3A, 0x69, 0xD7, 0xE3, 0x81, 0x4A,
        0xCD, 0x76, 0x1F, 0xB4, 0xA9, 0xA0, 0x93, 0x0A, 0x57, 0x2F, 0xA0, 0xFA, 0x30, 0xF8, 0x6F, 0xFC,
        0x79, 0x2B, 0xBA, 0x28, 0x8E, 0x0E, 0xC0, 0x70, 0x2D, 0x1A, 0x0B, 0xD9, 0xF5, 0x60, 0xCC, 0x2C,
        0x8C, 0x1C, 0xB4, 0x50, 0x54, 0x08, 0x25, 0x09, 0x00, 0x12, 0x13, 0xDF, 0xE6, 0xED, 0x0A, 0xD2,
        0xEA, 0xCD, 0xE3, 0x32, 0xC7, 0x4E, 0x64, 0x3A, 0x4B, 0x3A, 0x41, 0x07, 0x1A, 0x21, 0x2F, 0xB6,
        0x81, 0x36, 0x76, 0x8E, 0x7B, 0xE3, 0x23, 0xFB, 0x56, 0xF4, 0x3E, 0x15, 0x77, 0x65, 0x2C, 0xDD,
        0xA8, 0x43, 0x16, 0xAE, 0xE8, 0x18, 0x02, 0xF5, 0x54, 0xA6, 0x8B, 0x01, 0x94, 0x59, 0x58, 0x0E,
        0xAE, 0xEE, 0x44, 0xA3, 0x79, 0x6B, 0xDF, 0xDB, 0x50, 0x60, 0x9F, 0xE8, 0xD1, 0x32, 0xBA, 0x7C,
        0xA8, 0x27, 0xD3, 0x67, 0x31, 0x1A, 0x7E, 0x74, 0x97, 0xFC, 0x02, 0xCA, 0x7C, 0x84, 0x87, 0xAD,
        0x69, 0x97, 0x45, 0x28, 0x1B, 0x8D, 0x5B, 0x86, 0xE6, 0xCF, 0x87, 0x89, 0xC6, 0xCB, 0xFF, 0xCC,
        0x78, 0xF9, 0x0C, 0x25, 0x5A, 0x4F, 0xC0, 0xEA, 0x12, 0xF0, 0xDA, 0xAB, 0xBB, 0x78, 0xAC, 0x24,
        0x0E, 0xBE, 0xA2, 0xDF, 0x36, 0x54, 0xFE, 0xC6, 0x01, 0x8A, 0x92, 0x23, 0x7B, 0xD8, 0xB5, 0x0B,
        0x1E, 0xD9, 0xF4, 0xE5, 0xFF, 0xE6, 0x47, 0x3E, 0xA2, 0xF1, 0x91, 0xCA, 0xDD, 0x83, 0x48, 0x83,
        0x8B, 0x18, 0x89, 0xBE, 0x41, 0xE1, 0x04, 0xFA, 0xFE, 0x56, 0x8C, 0x50, 0xA3, 0x70, 0x60, 0xFE,
        0xB9, 0x60, 0x96, 0x8D, 0x44, 0xCD, 0xBA, 0x60, 0x4A, 0x57, 0xA6, 0x0F, 0x78, 0x27, 0xC1, 0x66,
        0xDA, 0xB4, 0x1C, 0x42, 0x38, 0x3C, 0x95, 0x19, 0x4E, 0x28, 0x0C, 0xB3, 0x30, 0xEC, 0xCB, 0xAA,
        0x49, 0x47, 0x22, 0xA2, 0x21, 0xE9, 0xC8, 0x6E, 0xA9, 0x86, 0x96, 0xB0, 0x4C, 0x40, 0xFC, 0x1D,
        0x91, 0x91, 0x29, 0xFC, 0x2C, 0xFF, 0xA8, 0xBE, 0xD6, 0x7B, 0xBD, 0x22, 0x7D, 0x12, 0x4D, 0x01,
        0x6A, 0xA3, 0x16, 0x31, 0xDB, 0x44, 0x05, 0x54, 0xA3, 0x06, 0x40, 0xC5, 0x1B, 0x80, 0xC6, 0xDE,
        0x7F, 0xEA, 0x4C, 0xA5, 0x97, 0xC5, 0xB4, 0xBE, 0xB5, 0x75, 0x31, 0xCA, 0xA7, 0x37, 0xD5, 0xCB,
        0x28, 0x3B, 0x9B, 0xA6, 0xED, 0xBF, 0x9F, 0x6F, 0xDB, 0xAB, 0x37, 0x24, 0x53, 0xEE, 0x69, 0xBF,
        0x48, 0x93, 0xF6, 0x51, 0x83, 0x0B, 0x86, 0x94, 0x53, 0x9F, 0xA3, 0x84, 0xEC, 0x3F, 0xFC, 0xA8,
        0x91, 0x13, 0xDA, 0xDB, 0x57, 0x73, 0x89, 0x05, 0xFD, 0x0F, 0xE0, 0x58, 0xD0, 0x02, 0xB2, 0x45,
        0x5C, 0x8E, 0x1D, 0xBE, 0x55, 0xC9, 0xC2, 0xD6, 0x05, 0xB2, 0xA5, 0x83, 0x61, 0xD4, 0x23, 0xD1,
        0x93, 0x61, 0xFD, 0xE7, 0x36, 0x59, 0x55, 0x77, 0xDE, 0xE5, 0x04, 0x15, 0x5C, 0x83, 0x90, 0x52,
        0x2E, 0xA1, 0x97, 0xA5, 0xA2, 0xA0, 0x04, 0x62, 0x49, 0x6A, 0xF7, 0x0F, 0x4A, 0x7E, 0x02, 0xB8,
        0x07, 0x91, 0xB5, 0x01, 0x9F, 0x84, 0xFA, 0x0C, 0x96, 0x41, 0x87, 0xAA, 0xA9, 0xFA, 0x71, 0xC7,
        0x9D, 0x31, 0x6B, 0x23, 0x25, 0x19, 0xF9, 0xA7, 0x0F, 0xC3, 0xEC, 0xB5, 0xD6, 0xE0, 0xAF, 0x90,
        0x18, 0x47, 0xFE, 0xD9, 0x64, 0x81, 0x29, 0x68, 0xC2, 0xFC, 0x8E, 0x6E, 0x55, 0xCE, 0x22, 0x17,
        0x4B, 0xB1, 0x49, 0x7E, 0x2B, 0x25, 0xE6, 0x62, 0xF6, 0x99, 0x36, 0x98, 0xF0, 0x3B, 0x6B, 0xC8,
        0x68, 0x84, 0xF8, 0xF3, 0x41, 0x15, 0x39, 0x8D, 0xFE, 0x7B, 0xCF, 0xC9, 0x45, 0x1C, 0x1B, 0x49,
        0x81, 0xD0, 0x9F, 0x02, 0xDC, 0x25, 0x85, 0x32, 0xA7, 0x7E, 0x05, 0x69, 0x4C, 0x57, 0xAA, 0xB1,
        0xE5, 0xB9, 0xC1, 0x88, 0x06, 0xD4, 0x88, 0x21, 0xC9, 0x38, 0xC8, 0xE2, 0x2A, 0x3B, 0xA7, 0x93,
        0x91, 0x69, 0xD0, 0xAA, 0x70, 0xEA, 0xEB, 0x9E, 0xC6, 0xC8, 0x16, 0x72, 0xD0, 0xB8, 0x90, 0xF1,
        0x3E, 0xEC, 0x66, 0x8E, 0xBB, 0xC2, 0x3A, 0x0C, 0x78, 0x6B, 0x7C, 0xED, 0xC0, 0x21, 0xA9, 0xA0,
        0x05, 0xBA, 0x14, 0xDC, 0x6F, 0x5C, 0x06, 0xFB, 0x24, 0xB4, 0x7A, 0x57, 0x3C, 0xC6, 0x37, 0x4D,
        0xF4, 0x4C, 0xCA, 0xCE, 0x3C, 0xCC, 0xF8, 0xC8, 0x15, 0x37, 0x8B, 0x3D, 0x6E, 0x16, 0x92, 0xA7,
        0xB8, 0x0C, 0x97, 0x14, 0x71, 0x39, 0x1D, 0x24, 0x5F, 0x6B, 0x88, 0x10, 0x72, 0x26, 0x23, 0x9B,
        0xC3, 0x29, 0xFF, 0x6E, 0x1C, 0xE3, 0x23, 0xF8, 0x06, 0x89, 0x2C, 0x37, 0xB9, 0x06, 0xD8, 0x00,
        0xAB, 0x90, 0xD0, 0x4E, 0x08, 0x87, 0x7B, 0x35, 0x26, 0x1D, 0x97, 0x7C, 0xD0, 0x77, 0x4A, 0x65,
        0x3A, 0xAC, 0x3A, 0x2A, 0x7A, 0xF5, 0x4E, 0x86, 0xAC, 0x0C, 0x61, 0x0F, 0xED, 0xBE, 0x1E, 0xF8,
        0xF4, 0x61, 0xE3, 0x8C, 0x63, 0x84, 0x88, 0x20, 0x74, 0xFB, 0x0B, 0x5B, 0x5F, 0x78, 0x61, 0xED,
        0xA3, 0xE4, 0x64, 0x7B, 0x47, 0x4D, 0x0D, 0xE0, 0xC1, 0xF5, 0x68, 0x3A, 0xB1, 0x44, 0xDD, 0x53,
        0xC5, 0x00, 0x6F, 0xDB, 0xB0, 0xEF, 0xB2, 0x5C, 0x44, 0x55, 0x25, 0x87, 0xAF, 0x53, 0x99, 0x63,
        0x3B, 0xE1, 0x1E, 0x18, 0x35, 0x6D, 0x88, 0x0D, 0xE6, 0x7F, 0x76, 0x55, 0x48, 0x8C, 0x5D, 0x83,
        0x1C, 0x1B, 0xCF, 0xE0, 0x9E, 0xD4, 0x8C, 0xE9, 0x07, 0x36, 0xFD, 0xEC, 0x76, 0xA6, 0xBC, 0x55,
        0x4C, 0x4A, 0x6E, 0xE3, 0x41, 0x14, 0x11, 0xF5, 0x2B, 0xAA, 0xA7, 0xDB, 0x29, 0xF6, 0x2B, 0xD1,
        0x05, 0x93, 0xD3, 0xEB, 0x2E, 0x93, 0x9C, 0x14, 0xAF, 0x50, 0x9B, 0x57, 0x46, 0x0B, 0xCC, 0xA6,
        0xD0, 0xF3, 0xD0, 0xFA, 0x71, 0x75, 0x52, 0xE0, 0x73, 0x3E, 0x94, 0x93, 0xD9, 0xCC, 0x30, 0x74,
        0x67, 0xDB, 0xF8, 0x96, 0x6E, 0xE7, 0x4E, 0xFB, 0x94, 0x89, 0x41, 0x8E, 0x95, 0x63, 0x40, 0x1F,
        0xE5, 0x4E, 0x90, 0xDD, 0xB1, 0x0B, 0x86, 0x05, 0x39, 0x19, 0x7E, 0xED, 0x9A, 0x79, 0x0B, 0x2C,
        0x83, 0x5E, 0xC6, 0xD8, 0x17, 0xDB, 0x1B, 0x10, 0x86, 0x9E, 0xE0, 0xB9, 0x54, 0x3B, 0x83, 0x2B,
        0xC6, 0xF2, 0xDA, 0x54, 0x5D, 0xF6, 0xE1, 0xAE, 0x95, 0xF0, 0xEF, 0x3A, 0xB7, 0x39, 0xF1, 0x9D,
        0x8B, 0xD6, 0xC0, 0xB5, 0x90, 0xC9, 0x23, 0x82, 0x43, 0x70, 0x2D, 0x8C, 0xBC, 0x21, 0x5D, 0xA0,
        0x90, 0xA9, 0xB9, 0x22, 0xBA, 0x99, 0x20, 0x4E, 0xDD, 0xA3, 0xE8, 0xC0, 0xD1, 0x27, 0xEA, 0x3B,
        0x18, 0xD4, 0xCA, 0xB1, 0x23, 0xE3, 0xA7, 0xF5, 0x96, 0x9C, 0xD0, 0xD2, 0x28, 0x66, 0x83, 0xCD,
        0x48, 0x0C, 0xD5, 0x4B, 0xA1, 0xDB, 0x11, 0x72, 0xDF, 0x22, 0x99, 0xA5, 0x5B, 0x3D, 0xCC, 0x00,
        0xC9, 0x79, 0x99, 0x49, 0x81, 0x6B, 0xCE, 0xAE, 0xF2, 0xF5, 0x3D, 0x76, 0xD0, 0x11, 0x44, 0xED,
        0x30, 0xD6, 0xA6, 0xCA, 0xDD, 0xB8, 0x0C, 0xEA, 0x0D, 0xEA, 0xEF, 0x47, 0x06, 0x2B, 0x35, 0x74,
        0xA8, 0xCE, 0x87, 0x57, 0x97, 0x0E, 0xEC, 0xB3, 0x47, 0xE7, 0xD9, 0xEC, 0x99, 0xF1, 0xBD, 0xDA,
        0x60, 0x07, 0xF7, 0x1C, 0xAF, 0xC1, 0xAE, 0xFA, 0x95, 0xD7, 0xB5, 0xF7, 0x46, 0x2D, 0x18, 0x27,
        0x1A, 0xF5, 0x29, 0x72, 0x6F, 0xD6, 0xD5, 0xF5, 0xDC, 0xA3, 0xC3, 0xAB, 0x9C, 0xDF, 0x5C, 0xFF,
        0x80, 0x09, 0x4A, 0xCE, 0x52, 0x12, 0xCD, 0xDF, 0xF9, 0xD5, 0x48, 0xAC, 0x9B, 0x04, 0xF5, 0xB2,
        0x05, 0x7F, 0x81, 0xC6, 0x79, 0x9E, 0xF1, 0xAD, 0x87, 0x37, 0x49, 0xB7, 0x7D, 0xAC, 0xA0, 0xF8,
        0x6F, 0xF9, 0xDD, 0x60, 0x1E, 0xED, 0x3A, 0xFC, 0x72, 0x62, 0xC7, 0xF3, 0xF0, 0xDF, 0x7E, 0x63,
        0x23, 0xEA, 0x52, 0x47, 0x43, 0xD7, 0x82, 0xD6, 0xB5, 0xCF, 0x61, 0x06, 0x1A, 0x96, 0xE9, 0xDD,
        0x55, 0x28, 0xF0, 0xA9, 0x72, 0x33, 0x8F, 0x59, 0x41, 0x91, 0xC7, 0xF1, 0xE1, 0x5E, 0x9E, 0xB8,
        0x75, 0x03, 0xBD, 0x30, 0xEA, 0x18, 0x2B, 0x12, 0x0A, 0x4D, 0xEE, 0xFD, 0x34, 0xED, 0x3D, 0xC9,
        0x17, 0x00, 0xC3, 0xF0, 0x3C, 0xC9, 0x14, 0x4E, 0xD9, 0x34, 0xC0, 0x7D, 0x37, 0x53, 0xFC, 0xB3,
        0x3E, 0x73, 0x6F, 0xB3, 0x29, 0x46, 0x3E, 0xE7, 0x8F, 0x9B, 0xBA, 0xC1, 0x0F, 0x4E, 0x3D, 0x06,
        0xA1, 0x2C, 0x7F, 0x94, 0xF5, 0xAD, 0x8A, 0xE9, 0x94, 0xA4, 0x77, 0x2B, 0x44, 0xDB, 0x9D, 0x96,
        0x65, 0xA7, 0x6F, 0x97, 0x33, 0xC7, 0x96, 0x6E, 0x75, 0xD8, 0x10, 0x45, 0x76, 0x60, 0xC6, 0xA5,
        0x53, 0xDA, 0x1F, 0x3D, 0x89, 0xF5, 0x8B, 0xA0, 0xDE, 0x5E, 0x4A, 0xE2, 0x21, 0x6E, 0x9A, 0x0C,
        0xD6, 0x7A, 0xA7, 0x8F, 0x96, 0x15, 0xCC, 0x9D, 0x56, 0xD1, 0xC8, 0x58, 0x6D, 0x67, 0x9C, 0x8F,
        0x10, 0xC5, 0x86, 0x44, 0x3E, 0x8B, 0xE0, 0x2D, 0xA6, 0xAB, 0xB5, 0x0F, 0x10, 0x8A, 0x0F, 0xAD,
        0xA8, 0x64, 0xF5, 0xAC, 0x0B, 0x25, 0x79, 0x25, 0x16, 0x19, 0x3A, 0xF1, 0x41, 0x9A, 0x83, 0xD0,
        0x97, 0x4A, 0xB7, 0xD6, 0xAA, 0xE1, 0x89, 0x95, 0xC6, 0xB9, 0xAE, 0xDF, 0xD1, 0x42, 0x50, 0xA6,
        0x6C, 0xA1, 0x0A, 0x6C, 0x84, 0xCA, 0xF3, 0x02, 0x33, 0x07, 0x64, 0x9F, 0xF9, 0x0B, 0xAF, 0x65,
        0xE2, 0x4A, 0x11, 0x27, 0x4C, 0x92, 0x25, 0x56, 0x10, 0xBB, 0x1E, 0xF4, 0xEB, 0x4C, 0x66, 0x29,
        0x4E, 0x4D, 0x4B, 0xE1, 0xC6, 0xD4, 0xB2, 0x2A, 0xA7, 0x0C, 0xE9, 0xBD, 0x2F, 0xE9, 0x34, 0x59,
        0xB8, 0x1C, 0x91, 0x26, 0xC6, 0x1E, 0x37, 0x11, 0x25, 0x5A, 0x43, 0x24, 0xD9, 0x3C, 0x5F, 0x50,
        0xB1, 0x63, 0xCA, 0x8F, 0xA5, 0xFE, 0x7F, 0x70, 0x03, 0xF1, 0x13, 0x8C, 0x2A, 0x3B, 0x85, 0xB8,
        0xAE, 0x9C, 0xFA, 0xFC, 0x8E, 0xC4, 0x35, 0x31, 0x6C, 0x76, 0xCD, 0x3E, 0x73, 0xD6, 0x8C, 0x69,
        0x1E, 0xEA, 0x30, 0x05, 0x78, 0x90, 0x21, 0xE7, 0x57, 0x34, 0x33, 0x26, 0xBA, 0xCE, 0x15, 0x44,
        0x97, 0xB4, 0x6A, 0x94, 0x59, 0x06, 0x75, 0x55, 0xDE, 0x2C, 0x7E, 0x1B, 0x0D, 0x35, 0xC0, 0xA2,
        0x02, 0x11, 0x50, 0xE9, 0x9E, 0x26, 0x14, 0x88, 0x26, 0x28, 0xE1, 0xAB, 0x6B, 0x10, 0xE2, 0x8E,
        0xE4, 0x82, 0x86, 0x3F, 0x09, 0x1B, 0x1B, 0x2B, 0x1E, 0x66, 0xC7, 0x76, 0x75, 0x2C, 0xDC, 0xA7,
        0xA9, 0x91, 0x4A, 0xB4, 0x7A, 0x93, 0xD0, 0x89, 0x7C, 0xBB, 0x09, 0xB7, 0xD0, 0x13, 0x8D, 0x44,
        0xFB, 0x98, 0x17, 0x16, 0xFC, 0x9E, 0x3E, 0xAF, 0x9B, 0xBF, 0x7F, 0x05, 0x80, 0x85, 0x36, 0x85,
        0x18, 0xE0, 0x93, 0x61, 0x99, 0xBE, 0xFB, 0x96, 0x23, 0xF7, 0x4C, 0xE7, 0xBC, 0x41, 0xEB, 0x0B,
        0xB6, 0x1E, 0xD8, 0xEC, 0x2F, 0xEB, 0x7E, 0xBB, 0x96, 0xD7, 0x81, 0xC6, 0x60, 0x2E, 0x11, 0xE0,
        0xF8, 0xD0, 0xE6, 0x7D, 0x50, 0x5D, 0xC8, 0x09, 0xD4, 0x69, 0x71, 0x16, 0x63, 0xA2, 0xCA, 0x8F,
        0xD6, 0xDA, 0x28, 0x35, 0xE8, 0xE0, 0x12, 0xA9, 0x41, 0x3B, 0x7F, 0x30, 0xD3, 0xAC, 0x4E, 0xE1,
        0x9C, 0x49, 0xBE, 0xB7, 0xE1, 0x0D, 0x0F, 0x3A, 0x6E, 0x07, 0x43, 0xC6, 0xF8, 0x6C, 0x20, 0xD4,
        0xBE, 0x9E, 0xA5, 0xA2, 0x10, 0x5E, 0x7D, 0xDD, 0x7E, 0x62, 0x8D, 0xCE, 0x7B, 0x12, 0x90, 0x14,
        0x15, 0x37, 0x8A, 0x0F, 0x50, 0xFA, 0x8C, 0xB3, 0xD9, 0x2B, 0xD3, 0x2F, 0x88, 0x7B, 0x0F, 0xB3,
        0x05, 0x47, 0xE4, 0x2B, 0x2A, 0xD3, 0x36, 0x93, 0x09, 0xD1, 0xEF, 0x6A, 0xD6, 0xD5, 0x59, 0xD6,
        0x3D, 0x2F, 0xB2, 0xC3, 0x54, 0xE3, 0x6F, 0xC9, 0x52, 0x68, 0xAA, 0x68, 0x94, 0x9A, 0xB9, 0x77,
        0x39, 0x15, 0x91, 0xC2, 0xE5, 0xBD, 0x7D, 0xC1, 0x35, 0xB2, 0x69, 0xD5, 0xC4, 0xE3, 0x83, 0xF9,
        0xE4, 0xC1, 0xCF, 0x49, 0x9E, 0xC6, 0x0A, 0x6C, 0x85, 0x05, 0x2A, 0xC5, 0xC8, 0x04, 0xB6, 0x3F,
        0x8E, 0x5B, 0x45, 0x20, 0x61, 0xA3, 0x16, 0x43, 0xEB, 0xEB, 0x24, 0x23, 0xEC, 0x33, 0xD9, 0x4D,
        0xA8, 0x34, 0x77, 0xDE, 0xA5, 0x2D, 0xBF, 0xD8, 0xA3, 0xBE, 0xF3, 0xB5, 0x60, 0xDC, 0x7F, 0xD9,
        0x51, 0x24, 0x1C, 0x04, 0xE8, 0x53, 0x2E, 0xAE, 0xC0, 0xAF, 0x87, 0x69, 0xFB, 0xFC, 0x66, 0x35,
        0x78, 0xC0, 0x42, 0x3C, 0xEC, 0x0F, 0xEB, 0x08, 0x28, 0x19, 0x56, 0xDC, 0xDC, 0xBB, 0xC9, 0x28,
        0xA7, 0xD4, 0x1C, 0x0B, 0xA8, 0x1A, 0xA1, 0xFC, 0xA6, 0x1F, 0x5C, 0x37, 0xAB, 0x2F, 0xD1, 0x34,
        0x9D, 0x6E, 0xC5, 0x77, 0x05, 0x85, 0xD3, 0x49, 0x18, 0xDA, 0x77, 0x19, 0xA8, 0x14, 0x31, 0x24,
        0xF8, 0xDC, 0x3C, 0xEA, 0x79, 0xCD, 0x07, 0x74, 0x80, 0x5C, 0x86, 0xDB, 0xAF, 0xCE, 0xAD, 0x10,
        0x0E, 0x97, 0x68, 0xE2, 0xEF, 0x45, 0x8E, 0x6C, 0xB8, 0xE8, 0xD8, 0x31, 0x9E, 0xBD, 0xB4, 0xDF,
        0x69, 0xE5, 0x5C, 0xBC, 0xBA, 0x2B, 0x48, 0x66, 0xC4, 0xA7, 0x9D, 0xA8, 0xA3, 0xD0, 0xC5, 0x97,
        0xE0, 0x14, 0x81, 0x0C, 0xA3, 0xF7, 0xD0, 0xFB, 0x71, 0x66, 0xF6, 0xFA, 0x52, 0xB5, 0xDE, 0xFD,
        0xAF, 0xEC, 0xEC, 0x42, 0xF6, 0x36, 0xDB, 0xC2, 0x72, 0x9A, 0x82, 0x3D, 0x56, 0x87, 0x44, 0xEA,
        0xCD, 0x15, 0x86, 0x26, 0xA6, 0x81, 0x16, 0xCE, 0x74, 0x85, 0x55, 0x55, 0xB0, 0x10, 0x1A, 0x0C,
        0x96, 0xC2, 0x53, 0x7E, 0xD1, 0xC4, 0xE4, 0x9D, 0xEE, 0xDE, 0xF4, 0xE5, 0xAF, 0x8D, 0xB2, 0x21,
        0xDD, 0xD7, 0x32, 0x40, 0x6D, 0x6A, 0x39, 0x05, 0x42, 0x07, 0x52, 0xA3, 0xF8, 0x5B, 0x2D, 0x9A,
        0x0D, 0xD2, 0x5E, 0x2B, 0xA9, 0x69, 0xF5, 0xBF, 0x4C, 0x2C, 0x12, 0x60, 0x79, 0xB6, 0x2B, 0x4D,
        0x22, 0x14, 0x5C, 0x24, 0x3F, 0xE7, 0x96, 0x77, 0x85, 0x9B, 0x12, 0x1C, 0x2F, 0xD6, 0xFC, 0x34,
        0xF1, 0x2B, 0x21, 0x71, 0xEE, 0xF5, 0xCB, 0x24, 0x9F, 0x08, 0x85, 0xF3, 0xD5, 0xC6, 0xF2, 0xEA,
        0xD0, 0x75, 0x29, 0xCC, 0xB5, 0x58, 0x30, 0x2A, 0xD7, 0xE1, 0x26, 0xDE, 0x8D, 0xD3, 0x60, 0xA9,
        0xEA, 0x0F, 0xF9, 0xE4, 0xCB, 0x5B, 0xF7, 0x60, 0xCD, 0x04, 0xBA, 0x0B, 0x40, 0x2F, 0x26, 0xF5,
        0x79, 0x88, 0xE3, 0x9B, 0xFA, 0x0C, 0xDF, 0xDC, 0x2A, 0x79, 0x03, 0x72, 0xFB, 0x9D, 0x0E, 0x4B,
        0xFA, 0x67, 0xCE, 0x24, 0xCC, 0xAE, 0x01, 0xF4, 0x92, 0x70, 0x87, 0x32, 0x0E, 0x43, 0xFD, 0xAB,
        0x0E, 0xA9, 0x80, 0x61, 0xEA, 0xA0, 0x1B, 0x20, 0xB4, 0x2E, 0xD9, 0x4B, 0xD5, 0x5A, 0xFD, 0x3A,
        0x20, 0x78, 0x4D, 0x4E, 0xF3, 0xDA, 0xD0, 0xA3, 0x17, 0x23, 0x28, 0x9E, 0xF7, 0xDB, 0x59, 0xA9,
        0x26, 0x0D, 0x66, 0xDE, 0xBE, 0x61, 0xF2, 0x14, 0x9C, 0x9B, 0x03, 0x67, 0x36, 0x7B, 0x6A, 0x62,
        0x30, 0xAC, 0x9B, 0x4A, 0x37, 0x17, 0x68, 0x07, 0x24, 0xCF, 0xA7, 0x02, 0xE8, 0xA7, 0x45, 0x23,
        0x57, 0xC5, 0x98, 0x79, 0xAC, 0x8B, 0xFF, 0x2E, 0x45, 0x6E, 0x51, 0xFF, 0xA0, 0xE6, 0xD0, 0xDD,
        0xEB, 0xDB, 0x71, 0x23, 0xED, 0x82, 0xF5, 0xAD, 0x6F, 0x70, 0x82, 0xB9, 0x7B, 0xF0, 0x9A, 0x13,
        0xBB, 0xA2, 0x86, 0x86, 0x2F, 0xCF, 0x58, 0x9A, 0x36, 0x91, 0xEC, 0xE6, 0x67, 0x4A, 0x2C, 0x25,
        0xDF, 0x0B, 0xD0, 0x4D, 0x25, 0x76, 0x67, 0xF8, 0xE2, 0x48, 0x8E, 0xC2, 0xC2, 0xF8, 0xC0, 0x31,
        0x1F, 0x93, 0xD0, 0x84, 0x45, 0x09, 0xA4, 0x9F, 0x5F, 0xC1, 0x23, 0x90, 0xBA, 0x42, 0x29, 0x75,
        0x13, 0xBE, 0x83, 0x80, 0x09, 0x71, 0x00, 0x41, 0x88, 0xF1, 0x06, 0xA3, 0x89, 0xA4, 0xB8, 0x1C,
        0xFD, 0xB7, 0x1B, 0xD6, 0x97, 0x7D, 0x07, 0xAD, 0x29, 0x17, 0xEE, 0xEC, 0xA2, 0xA2, 0x77, 0x97,
        0xB2, 0x7B, 0x33, 0x32, 0xBA, 0x12, 0xF0, 0x0A, 0x75, 0xC4, 0x0B, 0x63, 0xB7, 0x4B, 0xE0, 0xF4,
        0x72, 0x33, 0x37, 0xF1, 0x7D, 0xA9, 0x11, 0x1B, 0x5B, 0xD3, 0x3F, 0x09, 0xE6, 0x80, 0x78, 0xD4,
        0x1B, 0xB1, 0xA6, 0x82, 0xF8, 0x78, 0x6F, 0xF8, 0xCD, 0x5A, 0xFF, 0x01, 0xCA, 0xC7, 0x43, 0x6A,
        0x37, 0x0C, 0x08, 0x44, 0x35, 0x49, 0xAE, 0x06, 0xEB, 0x44, 0x8C, 0x66, 0x0D, 0xCA, 0xB4, 0x85,
        0x4C, 0x15, 0xE9, 0xDE, 0x0A, 0x98, 0xEC, 0xDD, 0xBA, 0x1F, 0x0C, 0x9D, 0x79, 0x84, 0xFA, 0x70,
        0xC8, 0x98, 0x85, 0x55, 0xA5, 0xF9, 0x6B, 0xAC, 0x20, 0xE2, 0x30, 0x16, 0x4B, 0xD4, 0x7D, 0x12,
        0xE0, 0x55, 0xE5, 0xDF, 0x1D, 0x97, 0xE6, 0xC6, 0x38, 0x59, 0xE1, 0x5A, 0xAF, 0xAE, 0x11, 0x98,
        0xF6, 0xBC, 0x08, 0x6E, 0x90, 0xB5, 0xCF, 0x2D, 0x91, 0x37, 0x7E, 0xA8, 0x56, 0x35, 0x14, 0x96,
        0x01, 0xF8, 0x42, 0x7D, 0x2F, 0x6D, 0xA2, 0xFF, 0x78, 0xAD, 0xB8, 0x8E, 0x63, 0x46, 0x55, 0xD9,
        0xCD, 0x23, 0xAD, 0x3B, 0xA7, 0xAC, 0xA6, 0x0A, 0x0D, 0x66, 0xFF, 0x73, 0x9A, 0x0F, 0xB0, 0xD0,
        0x9F, 0x05, 0xE4, 0xE8, 0x52, 0x2F, 0xFA, 0x54, 0xFB, 0xCA, 0x7D, 0xB5, 0xFD, 0xD6, 0x39, 0xF0,
        0x7C, 0x74, 0x11, 0x5C, 0xEA, 0x98, 0xF1, 0xEA, 0x00, 0xB9, 0x25, 0x4F, 0xBE, 0xB5, 0x65, 0x86,
        0xC7, 0x27, 0x8C, 0xE4, 0xDC, 0x4D, 0xF9, 0xAA, 0xF5, 0x8F, 0x51, 0x14, 0xA4, 0x95, 0xA7, 0x7E,
        0xB7, 0xE8, 0x20, 0x99, 0x9B, 0x7A, 0xBB, 0xE8, 0xFC, 0x34, 0xC5, 0x5C, 0x3B, 0x17, 0x3C, 0xB0,
        0xBA, 0x5A, 0x2A, 0x4E, 0x80, 0x38, 0xE3, 0xE5, 0x68, 0xC4, 0x57, 0x39, 0x68, 0x4C, 0xBF, 0x12,
        0xE1, 0x76, 0x6F, 0x34, 0x4B, 0x6F, 0x13, 0x6E, 0xAA, 0xD5, 0x8D, 0xD3, 0x30, 0x3B, 0xE6, 0x3F,
        0x92, 0xB2, 0xFB, 0xA4, 0x88, 0x73, 0xD1, 0x0A, 0x17, 0x80, 0x02, 0xC9, 0xFB, 0x21, 0x72, 0x7F,
        0xC0, 0x43, 0x22, 0x41, 0x50, 0xAF, 0xA8, 0x67, 0x71, 0x15, 0x81, 0xE4, 0x30, 0xB4, 0x52, 0x93,
        0x19, 0x77, 0x25, 0x20, 0x4F, 0xE7, 0xD5, 0x74, 0x06, 0xEA, 0x9B, 0x3A, 0xCB, 0xD0, 0x14, 0xFD,
        0x3B, 0x71, 0x72, 0xF4, 0x5D, 0xAB, 0x7A, 0xB5, 0x2E, 0xEB, 0x5B, 0x02, 0xB2, 0x38, 0x5A, 0x55,
        0xA3, 0x29, 0x37, 0xE2, 0x73, 0xEC, 0x13, 0x01, 0x9F, 0xDE, 0x82, 0xE9, 0xBC, 0xCB, 0x42, 0xF0,
        0xD5, 0x16, 0x9D, 0x3B, 0x11, 0x73, 0xE4, 0xDB, 0xE6, 0x32, 0x55, 0x8A, 0x50, 0xD1, 0x00, 0xB1,
        0x43, 0x84, 0xDB, 0xF8, 0x73, 0x21, 0x60, 0x4F, 0x0B, 0xE7, 0xB4, 0x8C, 0xD4, 0x6B, 0xB3, 0xCC,
        0x2A, 0xAF, 0x4B, 0xD6, 0xD6, 0x0A, 0x43, 0x2B, 0x4A, 0x0D, 0xF8, 0x5D, 0x06, 0xAA, 0xD3, 0xE5,
        0x75, 0x72, 0x49, 0x29, 0xCB, 0x74, 0xE1, 0x16, 0xCB, 0x76, 0x1A, 0x53, 0x15, 0xD5, 0xD1, 0x4A,
        0xE9, 0xD2, 0xBA, 0xBE, 0x55, 0xE7, 0x73, 0x59, 0xCF, 0x02, 0x63, 0x65, 0x4F, 0xDF, 0x45, 0x67,
        0xE8, 0x69, 0x90, 0x0B, 0xE8, 0xD6, 0xE7, 0xF7, 0x41, 0xB8, 0xC3, 0x81, 0xF4, 0x00, 0x62, 0xEC,
        0x97, 0x9A, 0xC7, 0x9B, 0x2E, 0x3F, 0x7E, 0x69, 0x86, 0xDA, 0x8B, 0x60, 0xD6, 0xE7, 0xAC, 0x39,
        0x9D, 0xD5, 0x28, 0xC5, 0xDD, 0x53, 0xC5, 0x1F, 0x4C, 0x78, 0xF3, 0x8E, 0x7F, 0xE9, 0x97, 0x87,
        0xF5, 0x4E, 0xE7, 0x23, 0x3A, 0xB1, 0xA3, 0x66, 0xF3, 0x3C, 0x4E, 0xFA, 0xC6, 0x20, 0x4A, 0xE4,
        0x1B, 0xF6, 0xB2, 0x59, 0xA0, 0xF4, 0x23, 0xDE, 0xAD, 0xB0, 0x77, 0xE1, 0x9B, 0x7E, 0xBC, 0x85,
        0x05, 0x82, 0xAB, 0xBF, 0x12, 0x73, 0x6B, 0x0B, 0x16, 0x0F, 0xBA, 0x7C, 0xA0, 0x88, 0xFB, 0x74,
        0x1B, 0x6C, 0x32, 0x3B, 0xD3, 0xA0, 0x42, 0x6D, 0xFB, 0x82, 0xA5, 0x3C, 0x18, 0x35, 0x5B, 0xE6,
        0xCA, 0x4F, 0x6B, 0x52, 0xF8, 0xAA, 0x6F, 0xB5, 0xC8, 0x68, 0xF9, 0xF9, 0x25, 0x38, 0x8F, 0xFB,
        0x15, 0x04, 0x24, 0x3F, 0x7C, 0x84, 0xAB, 0x98, 0x4E, 0x70, 0x80, 0xA6, 0x94, 0x64, 0xD8, 0x23,
        0x82, 0xFC, 0x25, 0xF9, 0xB5, 0x46, 0x22, 0x10, 0xDD, 0xF5, 0x43, 0x9F, 0x30, 0x5D, 0xE8, 0x7D,
        0x4E, 0x06, 0x66, 0x51, 0x4E, 0x3F, 0xCD, 0xF4, 0x31, 0x15, 0x1B, 0x32, 0x2B, 0x9B, 0x01, 0x39,
        0x56, 0x12, 0x06, 0xD7, 0x71, 0x46, 0x7E, 0x0D, 0x83, 0xBC, 0x1A, 0x7B, 0x20, 0xEB, 0xC3, 0x92,
        0x33, 0x10, 0x9A, 0x49, 0x56, 0x18, 0xB6, 0x73, 0xEB, 0x68, 0x10, 0xFE, 0x16, 0x1E, 0xD6, 0x2F,
        0x3D, 0xA6, 0x46, 0xE1, 0x35, 0x41, 0xDD, 0xE9, 0xAB, 0xEF, 0xC1, 0x9A, 0xCB, 0x41, 0x91, 0xC1,
        0x5D, 0xAC, 0x74, 0x2F, 0xF4, 0x3D, 0x52, 0x26, 0x36, 0x83, 0x81, 0xEF, 0x15, 0x0E, 0xE4, 0x9A,
        0x73, 0xA4, 0x8C, 0x08, 0x20, 0x3B, 0xFE, 0xB2, 0xE4, 0x55, 0x5E, 0xCF, 0x5E, 0x3E, 0x91, 0x8A,
        0x63, 0x4F, 0xAD, 0x5D, 0x69, 0xF1, 0x4A, 0x3F, 0x12, 0x51, 0x37, 0x79, 0xAA, 0x7A, 0x5A, 0xFE,
        0x60, 0x72, 0x8C, 0xAF, 0x12, 0x0B, 0x83, 0x1D, 0x4D, 0x44, 0xEE, 0x1A, 0x64, 0x37, 0x09, 0x3C,
        0x87, 0x63, 0x48, 0xDF, 0xC6, 0xB2, 0x9D, 0xAF, 0x6C, 0x7E, 0xA8, 0x8C, 0xEC, 0x3C, 0xF0, 0x3D,
        0xF6, 0x57, 0x3F, 0xB2, 0x6D, 0x50, 0x73, 0xC1, 0x1D, 0x11, 0x16, 0x66, 0xD6, 0xFD, 0xA1, 0x81,
        0xFE, 0x7F, 0xEC, 0x13, 0x26, 0x56, 0x92, 0x6D, 0x7E, 0x7D, 0x77, 0xA5, 0xC2, 0xCB, 0x22, 0xAF,
        0xBB, 0x0D, 0x9F, 0x30, 0x44, 0x40, 0x4C, 0xC3, 0x0D, 0xDF, 0x97, 0x9E, 0xD7, 0xA2, 0x37, 0xA1,
        0x7E, 0x74, 0x72, 0xDB, 0xAB, 0xA9, 0x67, 0x91, 0x7D, 0x10, 0x75, 0x59, 0x46, 0xAF, 0xA0, 0x12,
        0x71, 0x82, 0x9B, 0x80, 0xB0, 0x76, 0x71, 0x96, 0xE2, 0x39, 0xB3, 0xE9, 0x5F, 0x29, 0x7F, 0x3D,
        0xF3, 0xF5, 0x7E, 0x45, 0x2C, 0xE0, 0x48, 0x52, 0x0E, 0x62, 0xB1, 0xB8, 0x7E, 0xB2, 0x83, 0xF2,
        0xE2, 0x68, 0x84, 0xE3, 0x13, 0x6D, 0x7A, 0xF2, 0x76, 0xA4, 0x66, 0xA6, 0xBA, 0x34, 0x9F, 0xF7,
        0x42, 0xD4, 0x79, 0xB2, 0xDF, 0x77, 0xDC, 0xE9, 0x32, 0xE5, 0xF9, 0x25, 0x74, 0xCF, 0xE6, 0x49,
        0xA0, 0x73, 0x75, 0xDA, 0xF1, 0xB9, 0x13, 0xE8, 0xF0, 0x11, 0xA9, 0xDF, 0x40, 0x84, 0x1F, 0xCD,
        0x14, 0x43, 0x38, 0x89, 0x7F, 0x3E, 0x9F, 0x67, 0xDF, 0x1B, 0xCB, 0x0C, 0xE9, 0x58, 0xC3, 0x41,
        0x7C, 0xFB, 0x8C, 0xA7, 0xC4, 0xBF, 0x00, 0x17, 0x25, 0xA2, 0x54, 0x65, 0x15, 0xEE, 0x47, 0x91,
        0xE4, 0x43, 0x33, 0x69, 0xED, 0x22, 0xCB, 0x77, 0xC0, 0x98, 0x5A, 0x75, 0x72, 0xA3, 0xA8, 0xE6,
        0xC9, 0x1D, 0x55, 0x7A, 0x4A, 0x9B, 0xEF, 0x93, 0xA0, 0x1F, 0x12, 0x82, 0x35, 0xBA, 0x48, 0xAD,
        0xB4, 0xFD, 0x2E, 0x24, 0x6C, 0x0D, 0x0B, 0xF9, 0xFF, 0x9B, 0xE3, 0x98, 0x09, 0x69, 0x9F, 0x9A,
        0xD2, 0xB5, 0xB8, 0x72, 0xF0, 0x2D, 0x54, 0x07, 0xA6, 0xDA, 0x66, 0x46, 0x7A, 0xF9, 0x85, 0x08,
        0xF0, 0xCA, 0x5A, 0x0B, 0x67, 0x7F, 0x9F, 0xD4, 0xBC, 0x60, 0xEF, 0xDD, 0x3F, 0x5A, 0x0A, 0x1A,
        0x3C, 0xBB, 0xF3, 0x93, 0x47, 0x9F, 0x53, 0x65, 0xB5, 0x60, 0xEB, 0x17, 0x97, 0x16, 0x99, 0x83,
        0x20, 0x80, 0x57, 0x1A, 0xF2, 0x34, 0x60, 0x96, 0xCD, 0x97, 0x91, 0x88, 0x4B, 0xC5, 0xBA, 0xD2,
        0x6C, 0x6F, 0xA4, 0xC4, 0x52, 0x54, 0xE1, 0xC4, 0x60, 0xDB, 0x5C, 0x33, 0x49, 0x4E, 0xBF, 0x67,
        0x5C, 0xDF, 0xD1, 0xD4, 0x77, 0x89, 0xFE, 0xA7, 0xB9, 0xBC, 0xB5, 0x8F, 0xDD, 0x6B, 0x8C, 0x7D,
        0x39, 0x71, 0x4B, 0x32, 0xC4, 0x4C, 0x0A, 0x60, 0x54, 0x2A, 0x49, 0x9A, 0x15, 0x98, 0x9B, 0xDC,
        0x68, 0xCB, 0xDF, 0x98, 0xF0, 0x12, 0x00, 0xE2, 0x6F, 0x3F, 0x26, 0xB9, 0x94, 0x6E, 0x26, 0x92,
        0xB8, 0x8A, 0x4A, 0x26, 0x4A, 0xA1, 0x5B, 0xEE, 0x74, 0x72, 0x37, 0xFB, 0x63, 0x9A, 0x38, 0xA9,
        0xCA, 0xAD, 0x2C, 0xD2, 0xE3, 0x37, 0x82, 0x0B, 0x04, 0xA8, 0x99, 0x17, 0x6A, 0xBB, 0xE4, 0x99,
        0xF1, 0xDD, 0x5E, 0x4B, 0xF5, 0x14, 0xCE, 0xD3, 0xDB, 0x8F, 0x86, 0x09, 0xF0, 0xDA, 0x42, 0xB7,
        0x33, 0x43, 0x53, 0x4F, 0xA2, 0x15, 0xEE, 0x05, 0xA2, 0x2C, 0x6B, 0x46, 0xC1, 0x4D, 0x3B, 0xAF,
        0xA6, 0xE9, 0xDD, 0xC1, 0x28, 0x38, 0x32, 0xCB, 0x86, 0xFE, 0x62, 0x03, 0x93, 0xC9, 0xEA, 0x48,
        0x1E, 0x9E, 0x43, 0xE6, 0x04, 0xCE, 0x3B, 0xD0, 0x6C, 0x67, 0xD1, 0x78, 0xF9, 0x88, 0x27, 0x70,
        0x28, 0xF1, 0x63, 0xEF, 0x8A, 0x75, 0x34, 0xB8, 0xB8, 0x8F, 0xDB, 0x17, 0xB6, 0xE6, 0xF2, 0x53,
        0x2E, 0x9D, 0x79, 0x92, 0xCE, 0xBC, 0x85, 0xDE, 0x0E, 0x65, 0x2C, 0xA5, 0x4E, 0x77, 0xFA, 0x5D,
        0xCB, 0xEA, 0xB5, 0x5E, 0xB1, 0x18, 0x8A, 0x45, 0xFD, 0x8F, 0xED, 0x09, 0x49, 0xDF, 0x43, 0x20,
        0xA5, 0x95, 0xDE, 0x66, 0x60, 0x5C, 0x08, 0x95, 0xB6, 0x73, 0x9B, 0x7A, 0xE7, 0x41, 0xFB, 0xBE,
        0xF0, 0xE8, 0xDB, 0x9F, 0xE0, 0x94, 0xE4, 0xF9, 0x71, 0xB4, 0x5A, 0x31, 0xFE, 0x5E, 0x1D, 0xF6,
        0xF5, 0x17, 0xF6, 0x83, 0x90, 0x19, 0x10, 0xD7, 0x89, 0xAB, 0x3E, 0x8F, 0xB3, 0x48, 0xDB, 0x55,
        0x57, 0xEE, 0xA3, 0x5D, 0x70, 0xCD, 0xFE, 0x47, 0x54, 0x5A, 0xE3, 0xB5, 0x14, 0xB6, 0x08, 0xA5,
        0x54, 0x8B, 0x62, 0x10, 0x3A, 0xF5, 0xD3, 0x2D, 0xF1, 0x08, 0xD1, 0x70, 0x6E, 0xBE, 0xDC, 0xD0,
        0x65, 0x71, 0xA5, 0x7C, 0xA3, 0x7A, 0x17, 0xA8, 0x86, 0x94, 0x90, 0x0B, 0xCC, 0x29, 0x6C, 0x08,
        0x77, 0xD7, 0xEF, 0xD8, 0x85, 0x39, 0xEF, 0x8A, 0x84, 0xB0, 0x88, 0x4E, 0x3E, 0x44, 0x54, 0x58,
        0x1F, 0x49, 0x87, 0xB0, 0xD9, 0xDC, 0xB6, 0x14, 0x5D, 0xE7, 0xAA, 0x7A, 0x1F, 0xDB, 0xD7, 0xDA,
        0x86, 0xDB, 0xD8, 0x06, 0x28, 0x08, 0xEE, 0xAE, 0x3E, 0x36, 0x59, 0xBA, 0xBC, 0xC3, 0xF8, 0x3B,
        0x24, 0x57, 0xFA, 0xE1, 0xFA, 0x80, 0xCD, 0x1F, 0x15, 0xA6, 0x70, 0x4C, 0x8C, 0x06, 0x51, 0xA1,
        0x4F, 0xA7, 0x66, 0x01, 0xF9, 0xCC, 0xB9, 0xA0, 0x96, 0xE4, 0xBA, 0xF9, 0xCF, 0x18, 0x1C, 0x6D,
        0xAD, 0x9F, 0x78, 0x65, 0x4B, 0xFB, 0x80, 0xE7, 0x9F, 0xA6, 0x61, 0x63, 0x89, 0x64, 0x9D, 0xB2,
        0x3D, 0xA1, 0xFB, 0xAA, 0x23, 0x99, 0x19, 0xE2, 0xE4, 0x7B, 0x86, 0x63, 0x77, 0x94, 0x9E, 0xDB,
        0x41, 0x24, 0x97, 0x4F, 0xA2, 0x4C, 0xE7, 0xC5, 0x34, 0x17, 0x48, 0xFF, 0x56, 0x9E, 0xED, 0x7C,
        0xB8, 0x8D, 0x1F, 0xD7, 0xBD, 0xDB, 0x63, 0xCF, 0x8D, 0x06, 0xCF, 0xC2, 0x6E, 0x74, 0xDD, 0x6E,
        0xDB, 0x33, 0x62, 0x71, 0xBA, 0x14, 0x94, 0xF9, 0x4C, 0x73, 0x81, 0x26, 0xFB, 0x21, 0xDF, 0x18,
        0x02, 0xA1, 0xFC, 0x81, 0x5B, 0x01, 0x2A, 0x67, 0xC7, 0x7B, 0xE5, 0xF4, 0xA1, 0x47, 0x5C, 0x4F,
        0xA4, 0xB6, 0x73, 0x61, 0x23, 0xEF, 0x20, 0x9F, 0xF5, 0x08, 0xC6, 0x54, 0xFB, 0xAD, 0x17, 0x79,
        0xE8, 0x4C, 0x86, 0x82, 0x81, 0x81, 0xAC, 0x37, 0xC6, 0x08, 0xE8, 0x63, 0xC1, 0x9C, 0x87, 0xB0,
        0xD3, 0x5D, 0x4F, 0xBC, 0xC5, 0x0F, 0xA7, 0x81, 0x18, 0xA7, 0x2E, 0x4A, 0xB9, 0x6C, 0xC8, 0x47,
        0xCD, 0x03, 0x70, 0xB8, 0xCD, 0x22, 0x35, 0x24, 0xFB, 0xF3, 0x92, 0x18, 0x2E, 0xB3, 0x8D, 0x8A,
        0x59, 0xA6, 0x8C, 0x82, 0x6D, 0xEF, 0xF4, 0x6D, 0xE0, 0xA5, 0x7C, 0xA1, 0x1D, 0x63, 0x88, 0xA1,
        0x42, 0xD0, 0xDD, 0xE4, 0x0A, 0x47, 0x9C, 0xA6, 0xAF, 0x71, 0xB1, 0x88, 0xEC, 0xBB, 0x5B, 0x38,
        0x59, 0x11, 0xB1, 0x06, 0xC5, 0xE6, 0x4E, 0x39, 0x7D, 0x52, 0xC4, 0x8F, 0x54, 0xC5, 0xB6, 0xF3,
        0xF9, 0x64, 0xEB, 0xD6, 0x2E, 0x72, 0x48, 0x06, 0x20, 0x39, 0x5C, 0x7B, 0x9B, 0x2E, 0x58, 0x7D,
        0x5F, 0x7D, 0xCC, 0xB2, 0xCF, 0x06, 0x99, 0x45, 0x91, 0x59, 0x7E, 0x8E, 0x9F, 0x99, 0x0E, 0x15,
        0xE3, 0x96, 0x3C, 0xB5, 0x30, 0x6A, 0x21, 0x7B, 0xB1, 0x72, 0xCE, 0x16, 0x3A, 0xA5, 0xE5, 0x92,
        0x83, 0xA9, 0x1F, 0x54, 0xDC, 0x2D, 0x68, 0x26, 0xED, 0xA7, 0xCE, 0xEE, 0x5D, 0xC9, 0xE4, 0xD5,
        0x09, 0xD6, 0x4D, 0x38, 0xAD, 0x9C, 0x82, 0x62, 0x68, 0x03, 0xFF, 0xAD, 0x5C, 0x15, 0xDC, 0xE3,
        0x48, 0x70, 0x17, 0x1A, 0x84, 0xF1, 0x64, 0x6F, 0x5B, 0xC3, 0xC7, 0x2C, 0x8E, 0x8B, 0x10, 0xD7,
        0xA0, 0xD1, 0xC0, 0x7C, 0xD8, 0x78, 0x8B, 0x89, 0xA4, 0xBE, 0x92, 0xC4, 0x55, 0x83, 0x42, 0x76,
        0xE7, 0x44, 0x0E, 0x04, 0x7C, 0x20, 0x00, 0xE3, 0x4B, 0x97, 0xFB, 0x6B, 0x8E, 0xD8, 0x56, 0xBE,
        0x57, 0x89, 0xFB, 0xF2, 0x83, 0x79, 0xCD, 0x7B, 0xE7, 0x9A, 0x59, 0x79, 0x93, 0xE1, 0x43, 0x3F,
        0x93, 0xD4, 0x4D, 0x47, 0x4D, 0x11, 0x9F, 0x5F, 0xD1, 0xF8, 0x20, 0xC8, 0xCC, 0x87, 0x89, 0x39,
        0xEC, 0x65, 0x3C, 0xCD, 0xCE, 0xC1, 0x60, 0x35, 0x0D, 0x66, 0xA4, 0xA5, 0x78, 0xE9, 0xEF, 0xA9,
        0x71, 0x78, 0x10, 0x37, 0x3F, 0xAA, 0x14, 0x6B, 0x42, 0xED, 0xF4, 0xC4, 0x03, 0x1D, 0xCB, 0x96,
        0x42, 0xF4, 0xF0, 0xFA, 0x52, 0x89, 0x32, 0x6E, 0x7B, 0x0C, 0x52, 0x30, 0x23, 0x11, 0x37, 0xD9,
        0xEF, 0xBC, 0x58, 0xD5, 0xB0, 0xAF, 0x54, 0x03, 0xF9, 0x69, 0x83, 0x73, 0x34, 0x31, 0x3B, 0x38,
        0x62, 0xBE, 0x8E, 0x7D, 0xDF, 0xF9, 0x5B, 0x15, 0x98, 0x82, 0xDB, 0x9E, 0x62, 0x5E, 0xBB, 0x2E,
        0xFC, 0x6A, 0x1D, 0xEE, 0xF4, 0x9F, 0x3A, 0xC2, 0xB6, 0x9C, 0x88, 0xDF, 0x08, 0x9C, 0x21, 0x29,
        0x05, 0xAD, 0x7B, 0x4C, 0x40, 0x89, 0x22, 0xBD, 0x39, 0x1F, 0x0C, 0x33, 0x59, 0x67, 0x8E, 0xFD,
        0xA0, 0x9F, 0xED, 0xF2, 0xC8, 0xC3, 0xE6, 0xF6, 0xE9, 0xC8, 0x6F, 0x4C, 0xAA, 0xAB, 0x7C, 0x88,
        0xAA, 0x08, 0x8A, 0x92, 0x2F, 0x04, 0x37, 0x95, 0xAD, 0x96, 0xC3, 0xFD, 0xCA, 0x76, 0xCA, 0xE9,
        0x6D, 0x56, 0x82, 0xA5, 0x68, 0x26, 0xAC, 0x30, 0x77, 0xFB, 0x06, 0xEA, 0xFA, 0x08, 0x0E, 0x07,
        0xD1, 0xA8, 0xBF, 0x8E, 0x9B, 0x89, 0x01, 0x72, 0xCD, 0x73, 0x51, 0x36, 0x4B, 0x69, 0xC3, 0x0E,
        0x77, 0x03, 0xDA, 0xBE, 0x41, 0x5F, 0xEE, 0x4F, 0xA3, 0x15, 0xB0, 0xCE, 0xF0, 0x11, 0xF5, 0x23,
        0xC0, 0x38, 0x80, 0xCB, 0x2C, 0x2A, 0x5E, 0x5C, 0x92, 0xE8, 0xEF, 0x2D, 0x41, 0x77, 0x52, 0x1C,
        0x2C, 0xB1, 0x3A, 0x70, 0x38, 0x2F, 0xE7, 0x96, 0x7E, 0xD5, 0x6F, 0xDB, 0x31, 0xD0, 0x59, 0x9C,
        0xE5, 0x3D, 0x26, 0xCA, 0x28, 0x67, 0xBB, 0x52, 0x75, 0x40, 0xAE, 0x56, 0xFF, 0x6A, 0xFA, 0xE3,
        0x81, 0x50, 0xB3, 0xB5, 0x27, 0xA5, 0xD7, 0x91, 0x55, 0x4C, 0x96, 0xD3, 0xD1, 0xED, 0xF3, 0x9C,
        0xDE, 0x59, 0xB5, 0xEE, 0x4F, 0x0F, 0x1A, 0xED, 0xAF, 0xAF, 0x52, 0x05, 0x0F, 0x43, 0xD2, 0xFD,
        0x12, 0xC4, 0x09, 0x9A, 0xE7, 0x7A, 0x55, 0x69, 0xED, 0x8B, 0x3F, 0x22, 0x05, 0x67, 0x07, 0x10,
        0xF8, 0xC0, 0xE2, 0x4B, 0x31, 0x65, 0x1F, 0x3D, 0xFD, 0x83, 0x1C, 0x81, 0x0F, 0xA9, 0x08, 0xDB,
        0xBD, 0x56, 0x08, 0x29, 0x8B, 0xEA, 0x98, 0x2A, 0xFF, 0x7A, 0x9D, 0xD1, 0x65, 0xC0, 0xBA, 0x5A,
        0x21, 0xDD, 0xDB, 0x1D, 0x0C, 0x33, 0x0C, 0x13, 0xE7, 0xC7, 0xB6, 0xDF, 0x96, 0x13, 0xC1, 0x0F,
        0x62, 0xEA, 0xF6, 0x0B, 0x5E, 0x42, 0x68, 0xF5, 0x40, 0x42, 0x93, 0xF4, 0x81, 0xC3, 0x94, 0x24,
        0xB1, 0x03, 0xCE, 0x67, 0xF1, 0xF9, 0x3F, 0xE4, 0x12, 0xF7, 0x87, 0x5A, 0xE8, 0xAE, 0x7A, 0x9B,
        0x3C, 0xFE, 0xF4, 0x58, 0xDF, 0xAA, 0xA8, 0x17, 0x70, 0x4B, 0xC8, 0xCB, 0xC5, 0xCA, 0xB2, 0xA6,
        0x90, 0x11, 0x3E, 0x40, 0x6F, 0x4B, 0x64, 0xDB, 0x7A, 0x6A, 0x4A, 0xE3, 0x1A, 0x6B, 0xC5, 0x31,
        0xE5, 0x62, 0xC6, 0xCF, 0x51, 0x05, 0x41, 0x71, 0x40, 0xA2, 0x55, 0x2A, 0x70, 0x05, 0x34, 0x44,
        0x5E, 0xE1, 0xC8, 0x11, 0x69, 0xF3, 0x55, 0x29, 0xCB, 0xEA, 0x8B, 0xB4, 0x7B, 0x3C, 0xF6, 0xEC,
        0x86, 0xE1, 0x1E, 0xB1, 0x6C, 0x3C, 0x14, 0x56, 0xE9, 0xE6, 0xFB, 0xE7, 0xF3, 0x80, 0xF9, 0xE3,
        0x3B, 0xB4, 0xB5, 0x67, 0x58, 0x2B, 0x09, 0x89, 0xF2, 0xC5, 0x5B, 0x23, 0x6C, 0x09, 0x37, 0xF5,
        0x1E, 0xBD, 0x9A, 0x18, 0xD3, 0x7E, 0x80, 0x95, 0x7F, 0x51, 0x9A, 0x7C, 0x2E, 0xE4, 0xCE, 0x73,
        0xD8, 0xCA, 0x33, 0xE4, 0xC2, 0xA9, 0x78, 0x29, 0x97, 0x75, 0x12, 0x2F, 0xA3, 0x37, 0xEA, 0x76,
        0x41, 0xA8, 0xCA, 0xBC, 0x35, 0x41, 0x6C, 0xF7, 0x96, 0xDF, 0x3A, 0x83, 0x8F, 0x18, 0x01, 0x85,
        0x43, 0x81, 0xD6, 0xA6, 0x04, 0xAB, 0x0B, 0xFB, 0x81, 0x93, 0xED, 0x6C, 0xF1, 0x04, 0x31, 0x4D,
        0x41, 0x35, 0xA6, 0x19, 0xB8, 0xF5, 0x57, 0xFC, 0x4A, 0x39, 0x0D, 0xDB, 0xC9, 0x13, 0x33, 0xA5,
        0x15, 0xDB, 0x18, 0xEC, 0xBA, 0xDD, 0xED, 0x88, 0x33, 0xE0, 0x43, 0x75, 0x61, 0x54, 0x8B, 0xD3,
        0xFC, 0x07, 0xC4, 0x12, 0x7D, 0xEA, 0x84, 0xC9, 0x0C, 0x20, 0xD9, 0x41, 0x88, 0xDC, 0x91, 0x3E,
        0xAC, 0x7F, 0x3B, 0xB2, 0xE8, 0x5E, 0xC2, 0x52, 0x4A, 0xF3, 0xAF, 0x53, 0x02, 0xE2, 0xC1, 0x2B,
        0xD7, 0xF3, 0xBD, 0xB8, 0x39, 0x8C, 0xCF, 0x6A, 0xCF, 0x5F, 0x00, 0xBA, 0x0D, 0xBA, 0xC0, 0xBD,
        0xA9, 0x62, 0xDF, 0x46, 0xD5, 0x1A, 0x58, 0x2D, 0xB2, 0x20, 0xDA, 0x51, 0xC0, 0x50, 0xB4, 0xED,
        0xFA, 0x35, 0x5B, 0x89, 0xE9, 0x07, 0xFC, 0xE2, 0x64, 0xFC, 0xCE, 0x86, 0x30, 0xF5, 0xA9, 0xA6,
        0x13, 0xFA, 0x62, 0x1F, 0x8D, 0x42, 0x02, 0x1F, 0x72, 0x15, 0x62, 0x20, 0xA3, 0x2F, 0xDB, 0xB0,
        0xCE, 0xDD, 0x0F, 0x44, 0xFF, 0x47, 0x34, 0x59, 0xFA, 0x3B, 0xE0, 0xE0, 0x26, 0x75, 0xEE, 0x85,
        0xD9, 0xFE, 0xDF, 0x30, 0xEE, 0x80, 0x44, 0x21, 0x3E, 0x3C, 0x98, 0x9A, 0x6B, 0x03, 0xD6, 0x69,
        0xB3, 0x6A, 0x6B, 0x39, 0xC5, 0xCD, 0xAD, 0x22, 0x16, 0xBA, 0xBE, 0xA2, 0xC4, 0x0C, 0xE3, 0x91,
        0xB2, 0xD4, 0x52, 0x50, 0xD6, 0x5B, 0x9B, 0x8B, 0x1A, 0x18, 0x27, 0x7E, 0x13, 0x3A, 0x81, 0x7D,
        0x1A, 0xEC, 0xC0, 0x05, 0xA2, 0xB2, 0x5F, 0x2E, 0xBE, 0x0B, 0x35, 0x58, 0x07, 0xA1, 0x0C, 0xA3,
        0xA8, 0x75, 0xA2, 0x9D, 0xAE, 0xD6, 0x1F, 0x15, 0x8E, 0xDC, 0xEB, 0x96, 0x43, 0x0B, 0xAC, 0x2D,
        0x09, 0xF4, 0x97, 0x70, 0xCA, 0xFA, 0xF8, 0x7B, 0x82, 0x19, 0x7E, 0xB9, 0x2F, 0x6E, 0x20, 0x9E,
        0x5B, 0xA0, 0x74, 0x4E, 0xF1, 0x2B, 0xD5, 0xEB, 0x17, 0xC6, 0x63, 0xB6, 0x35, 0xFF, 0x77, 0x49,
        0x69, 0xFA, 0x8F, 0x5A, 0x1A, 0xEC, 0xB0, 0x9A, 0xD2, 0xC3, 0xCA, 0xFC, 0x24, 0x09, 0x41, 0xB3,
        0x24, 0xEF, 0x35, 0x2D, 0x0D, 0x45, 0x77, 0x55, 0xEB, 0xF0, 0x26, 0xAB, 0x32, 0x68, 0x43, 0x2A,
        0x7E, 0xBD, 0x2E, 0x2E, 0x5F, 0xBE, 0x7D, 0x90, 0x15, 0xDD, 0x3B, 0xEA, 0xA1, 0x96, 0xC1, 0x76,
        0x4E, 0xA5, 0x25, 0xE6, 0x8F, 0xA6, 0x00, 0xF0, 0xB9, 0x51, 0xF9, 0xE9, 0xE3, 0xDF, 0xAA, 0x87,
        0x13, 0x75, 0xB8, 0xC1, 0xD9, 0x72, 0x3E, 0xB4, 0xB5, 0x79, 0xF8, 0x39, 0xD7, 0x89, 0x82, 0xF0,
        0x60, 0xCA, 0xC9, 0x33, 0x83, 0x6B, 0xE9, 0xE0, 0xC1, 0x34, 0xDA, 0x55, 0x2A, 0x76, 0xF0, 0xF4,
        0x76, 0xC7, 0xC1, 0x44, 0x9D, 0x4E, 0xE7, 0x34, 0x20, 0x05, 0x4B, 0x07, 0xA2, 0x24, 0xBC, 0xCC,
        0xA5, 0xF4, 0x11, 0x5E, 0x41, 0x9F, 0xEC, 0x17, 0x0D, 0xC0, 0x1E, 0xEF, 0x74, 0xC6, 0x1E, 0xA3,
        0xE9, 0x16, 0x48, 0x77, 0xA2, 0x94, 0xCD, 0x7B, 0xEB, 0x9E, 0xC8, 0xC7, 0x5A, 0x2C, 0x5F, 0xD0,
        0x5C, 0x40, 0x65, 0x83, 0xA3, 0xA4, 0x43, 0x15, 0x0C, 0x54, 0x12, 0xC1, 0x2C, 0x3C, 0x3A, 0x1E,
        0x37, 0x1B, 0x71, 0x2A, 0xAD, 0xD3, 0x7B, 0x01, 0x74, 0x8E, 0xDF, 0x28, 0xA3, 0xDE, 0x0D, 0xCD,
        0x63, 0xC3, 0x1A, 0xC4, 0x73, 0x2D, 0x52, 0xB6, 0x2B, 0xA2, 0x8C, 0xBB, 0x88, 0x82, 0x47, 0xAA,
        0xCC, 0xFA, 0x98, 0x7E, 0x94, 0x1A, 0xB4, 0xB6, 0x44, 0x41, 0x6E, 0x0D, 0xCC, 0x3F, 0xEF, 0x2B,
        0xCD, 0x38, 0xF6, 0xD5, 0xA3, 0xAE, 0x73, 0x04, 0x82, 0xCE, 0x9C, 0xAD, 0xA6, 0xF9, 0xBE, 0x6D,
        0x9B, 0x8B, 0x8B, 0xBF, 0x09, 0xBF, 0x0D, 0x7D, 0xC3, 0xEE, 0x23, 0x39, 0x72, 0xF7, 0x5B, 0x28,
        0x7B, 0x2E, 0x27, 0xC8, 0x56, 0xB0, 0x3C, 0x58, 0x85, 0xB2, 0x69, 0xF9, 0xDF, 0x7F, 0x1B, 0x99,
        0xF0, 0xD7, 0x26, 0xDA, 0x32, 0xAE, 0x3D, 0x57, 0x94, 0x74, 0xD0, 0xED, 0x2A, 0x1E, 0xFA, 0x01,
        0x8C, 0x13, 0x3B, 0xA8, 0xC7, 0xE1, 0x53, 0x26, 0x9F, 0x4E, 0xAE, 0xCB, 0xCD, 0x60, 0x81, 0x11,
        0x5E, 0xDB, 0xA6, 0x0E, 0x0F, 0xF4, 0xDA, 0x9B, 0xFA, 0x77, 0xC3, 0xDB, 0x92, 0x0E, 0x09, 0x9D,
        0x36, 0x2C, 0x88, 0x10, 0xC4, 0xBB, 0xF8, 0xC5, 0xDC, 0xD9, 0x97, 0x2D, 0x02, 0xD1, 0x61, 0xED,
        0x09, 0xC7, 0x8C, 0x3C, 0x17, 0x36, 0x42, 0x7C, 0x36, 0x45, 0x74, 0xF8, 0xF5, 0x7C, 0x4A, 0xDB,
        0x96, 0x07, 0x4F, 0xBD, 0x33, 0xC4, 0xA6, 0x47, 0x16, 0xF5, 0x76, 0x50, 0xD3, 0x00, 0xE2, 0x16,
        0xCE, 0xB9, 0x16, 0x62, 0xDB, 0xCF, 0xE8, 0x6C, 0x5A, 0xA7, 0xC8, 0x6C, 0x75, 0xBF, 0xB8, 0x44,
        0xA6, 0xA6, 0xAA, 0x36, 0x3B, 0xD5, 0x50, 0xB3, 0xBE, 0x56, 0x9E, 0x91, 0xB3, 0xF2, 0x8C, 0x2A,
        0xD8, 0x27, 0xE7, 0x5C, 0xE0, 0x82, 0xE8, 0x3E, 0xDB, 0x01, 0x4E, 0x85, 0xB6, 0xEF, 0xA0, 0xC0,
        0xBA, 0x71, 0x61, 0xD0, 0xD7, 0x48, 0x7E, 0x27, 0x0A, 0x15, 0xEA, 0x63, 0x8D, 0x73, 0x41, 0xA4,
        0xBD, 0x0B, 0x63, 0xE0, 0x91, 0xDC, 0xE3, 0xE5, 0x2A, 0xC3, 0x56, 0xFA, 0xC7, 0x90, 0x97, 0x3D,
        0x2C, 0xA0, 0x2C, 0x51, 0xC3, 0x0D, 0x0C, 0xD0, 0x72, 0x08, 0xB4, 0xD3, 0x30, 0x20, 0x88, 0xB6,
        0x38, 0xF9, 0x4F, 0x74, 0xE6, 0x83, 0xD9, 0xE8, 0x04, 0x01, 0xC0, 0x36, 0xF5, 0x23, 0x1E, 0x06,
        0xE6, 0xC2, 0x27, 0x99, 0xFB, 0x7F, 0x02, 0xB5, 0xFD, 0x34, 0x95, 0x04, 0x78, 0xE2, 0x58, 0xF7,
        0x15, 0x31, 0xE0, 0xB1, 0x0F, 0x91, 0xA7, 0xFF, 0xDC, 0x03, 0x85, 0xF6, 0xB1, 0x44, 0x08, 0xD3,
        0xA3, 0x02, 0xE8, 0xAE, 0xA6, 0x1A, 0x91, 0xD4, 0xB5, 0xBC, 0x1D, 0xBD, 0xB3, 0xE4, 0x21, 0x7B,
        0xF4, 0x18, 0xF8, 0x99, 0x96, 0x4F, 0xF0, 0x20, 0x82, 0x77, 0xD0, 0x0F, 0xAD, 0x4F, 0xB8, 0x9B,
        0xD5, 0x32, 0xD8, 0x2B, 0xFE, 0xE5, 0xB4, 0x73, 0x8D, 0x88, 0xB7, 0xC5, 0x69, 0xF0, 0xB9, 0x1B,
        0xCB, 0xCA, 0xFD, 0x03, 0x6D, 0xF3, 0xBD, 0xFB, 0x22, 0x8B, 0xAC, 0x3B, 0x0F, 0x60, 0x6E, 0xA8,
        0x1C, 0xEA, 0xB4, 0x42, 0xB2, 0x93, 0xF4, 0x46, 0xCF, 0x15, 0x0D, 0xAB, 0xB8, 0x98, 0xE4, 0xC4,
        0xBA, 0x20, 0x9B, 0x8C, 0xB1, 0xEE, 0x2B, 0xDD, 0xAF, 0xEB, 0x9F, 0x12, 0x4A, 0xC7, 0x84, 0xE4,
        0x50, 0x33, 0x35, 0xA0, 0x01, 0x00, 0xA6, 0x2E, 0xE3, 0x38, 0x14, 0xC2, 0x16, 0x0C, 0x74, 0x5B,
        0x02, 0xCB, 0xF6, 0xEE, 0x06, 0xEF, 0x74, 0xAA, 0x82, 0xA8, 0xE8, 0x88, 0x42, 0xFF, 0xCC, 0xA6,
        0x2A, 0xC7, 0xB4, 0x86, 0x6E, 0xF9, 0xEC, 0x7F, 0x22, 0x48, 0x4E, 0x52, 0x69, 0x13, 0x81, 0x01,
        0x46, 0x03, 0x95, 0x36, 0x90, 0x10, 0x30, 0x94, 0x25, 0x90, 0x04, 0xA7, 0x2A, 0x38, 0xDC, 0x2D,
        0x8B, 0x74, 0x7D, 0x30, 0xE7, 0xE3, 0xF0, 0xFD, 0x88, 0x3A, 0xF9, 0xF2, 0x68, 0x11, 0x0A, 0x02,
        0x26, 0xE3, 0x8B, 0xFB, 0xB4, 0xF2, 0x76, 0xCC, 0xB3, 0x2F, 0x1A, 0x4B, 0x57, 0xB4, 0x02, 0x0A,
        0xBF, 0xBF, 0xAE, 0x45, 0xDC, 0x44, 0x2F, 0xC7, 0x17, 0xD7, 0xB7, 0xEF, 0x35, 0xCD, 0x78, 0xB4,
        0x08, 0xDF, 0x99, 0xB8, 0x19, 0xEF, 0x43, 0x0A, 0xD7, 0x63, 0xF7, 0x6A, 0x9F, 0xF8, 0xBD, 0x7C,
        0xDF, 0xAA, 0x52, 0xEC, 0xDF, 0x56, 0x82, 0x9E, 0x81, 0x7D, 0xA5, 0xFA, 0x42, 0x04, 0xC0, 0xC5,
        0x4C, 0xF4, 0x09, 0xEC, 0xAE, 0x26, 0x3C, 0x1D, 0x57, 0xF2, 0x0A, 0x26, 0x2B, 0xD1, 0xB5, 0xB8,
        0x1C, 0x13, 0xFC, 0x83, 0x47, 0x91, 0x56, 0xCD, 0xC8, 0x5F, 0x67, 0x0A, 0xE8, 0xB8, 0xFD, 0xEF,
        0x8F, 0x23, 0x49, 0xCB, 0xEB, 0x3F, 0xFE, 0xDC, 0xB0, 0x27, 0xB0, 0x3D, 0xE3, 0xD3, 0x48, 0x5A,
        0xA2, 0x16, 0x59, 0x69, 0x45, 0x4F, 0x66, 0x06, 0xD0, 0xD1, 0x85, 0xBF, 0xE5, 0xCD, 0xEB, 0x32,
        0x5F, 0x20, 0x6F, 0x55, 0x5A, 0xDC, 0xFB, 0x05, 0xBD, 0xB2, 0x1B, 0x14, 0x16, 0xC4, 0x08, 0x2C,
        0x9E, 0x08, 0x31, 0xE0, 0x3C, 0x17, 0x0E, 0x9B, 0x62, 0x54, 0x1E, 0xE5, 0xFB, 0x6B, 0xF1, 0xA5,
        0xC9, 0x0B, 0x68, 0x28, 0xD2, 0x37, 0xA1, 0x7C, 0xD9, 0x02, 0xC6, 0x1A, 0xF3, 0x55, 0x4D, 0x12,
        0x97, 0xCD, 0x4F, 0xD3, 0x62, 0x9C, 0xBF, 0xB4, 0x2B, 0x75, 0x6F, 0x75, 0x15, 0xD2, 0x39, 0x5E,
        0xF9, 0xD9, 0x6D, 0xAB, 0xCE, 0x78, 0xA4, 0x5E, 0x1A, 0x03, 0x70, 0x42, 0xE8, 0x9A, 0x5C, 0x35,
        0xD4, 0xD0, 0xCA, 0xD6, 0x84, 0x3E, 0x87, 0x56, 0xF3, 0xEC, 0xA5, 0x3C, 0xB4, 0x1B, 0xBF, 0xFC,
        0xB7, 0xA4, 0x9E, 0xB3, 0x0A, 0x67, 0x3F, 0x13, 0x32, 0x9D, 0x33, 0x73, 0x8C, 0x5D, 0xED, 0xC4,
        0x1C, 0x03, 0x46, 0xB2, 0xD2, 0xB1, 0x8D, 0x02, 0x74, 0x95, 0x02, 0x4B, 0xF1, 0x31, 0x16, 0x61,
        0xB5, 0x1C, 0xA6, 0xDF, 0x9A, 0xA5, 0x75, 0xDF, 0xFE, 0x51, 0x9D, 0x07, 0xA5, 0x0A, 0xD5, 0x56,
        0x91, 0x84, 0x56, 0xC3, 0xD7, 0xCE, 0x34, 0x47, 0x92, 0xAB, 0x0F, 0x50, 0x11, 0x3F, 0x01, 0x64,
        0x2B, 0xA9, 0xA5, 0x56, 0xE3, 0xA1, 0x42, 0x69, 0xFA, 0xB8, 0xD7, 0xD2, 0x4D, 0x13, 0xC7, 0x3B,
        0x8F, 0x83, 0x26, 0x3A, 0xD2, 0x25, 0x74, 0x9C, 0x53, 0x27, 0x18, 0xF3, 0x8C, 0x52, 0xCB, 0xE8,
        0xFA, 0x6E, 0xA6, 0x2C, 0xC4, 0x37, 0xA1, 0x51, 0x34, 0x89, 0x4C, 0x87, 0xD6, 0x5F, 0x14, 0xFE,
        0xEF, 0x12, 0x92, 0x19, 0xDC, 0x97, 0x93, 0x50, 0x9F, 0x4F, 0x34, 0x6B, 0x6F, 0x72, 0xE4, 0xC5,
        0x90, 0xA0, 0x9B, 0xE6, 0xE3, 0xCA, 0x05, 0x0C, 0x7A, 0x8F, 0xD0, 0xDE, 0x5F, 0x84, 0x64, 0xB1,
        0x3D, 0x3C, 0x71, 0x92, 0xB8, 0xCA, 0x7C, 0xA1, 0xD2, 0x0C, 0x90, 0x02, 0xCE, 0xA0, 0xC9, 0xB7,
        0xEC, 0x33, 0x2F, 0x3E, 0xE2, 0x5A, 0x9C, 0x03, 0x45, 0xA6, 0x18, 0x4B, 0x4C, 0x9B, 0xAB, 0xB1,
        0xC2, 0x2E, 0x99, 0x78, 0x83, 0xBC, 0x0F, 0x4E, 0x1B, 0x20, 0x5C, 0x9A, 0xC5, 0x23, 0x64, 0x20,
        0xC3, 0xE0, 0x8A, 0x82, 0xB5, 0x98, 0x68, 0xD4, 0xAC, 0xE1, 0xDB, 0x27, 0xC3, 0x75, 0x56, 0x1C,
        0xFC, 0x4F, 0x8E, 0x17, 0xA4, 0xA2, 0xCA, 0x3F, 0xDB, 0x14, 0x9D, 0x11, 0x3C, 0x67, 0x1E, 0x4E,
        0x2C, 0x59, 0x6A, 0x84, 0x74, 0x48, 0xEB, 0xBA, 0x0F, 0xC3, 0x7C, 0x23, 0xB7, 0x7C, 0x9B, 0x8C,
        0xD7, 0xB5, 0x25, 0x2B, 0x2B, 0xF7, 0xE8, 0xF1, 0x47, 0xBA, 0xC8, 0x59, 0xEA, 0xE1, 0x8D, 0xF7,
        0x08, 0x2A, 0xCA, 0x6D, 0x36, 0x7A, 0x6D, 0x5B, 0x51, 0x30, 0x23, 0xF8, 0x85, 0xC1, 0xA8, 0x64,
        0xF2, 0x37, 0x91, 0x1F, 0x1A, 0x1A, 0x55, 0xF5, 0x03, 0x53, 0xEA, 0x68, 0xEB, 0x9B, 0xB6, 0x95,
        0x3B, 0xBE, 0xEA, 0xD6, 0x1E, 0x4D, 0x66, 0x3F, 0x5C, 0x53, 0xA6, 0x70, 0xD3, 0xE5, 0xDE, 0x07,
        0x0E, 0xA9, 0x1D, 0x4F, 0xAF, 0x30, 0xB1, 0x58, 0x2D, 0x68, 0x02, 0xA3, 0x71, 0x99, 0x60, 0x70,
        0x27, 0x73, 0x65, 0x5B, 0x8A, 0x9C, 0x36, 0x1A, 0xA4, 0xB6, 0x31, 0xEB, 0xB0, 0x51, 0x55, 0xE8,
        0x69, 0x6A, 0xF8, 0x1A, 0x25, 0x4A, 0x2B, 0x97, 0x56, 0x19, 0x01, 0xF5, 0x09, 0xD4, 0xB5, 0x21,
        0x95, 0xE1, 0x1D, 0x11, 0x12, 0x04, 0x69, 0x30, 0x34, 0x95, 0x5B, 0xF1, 0x5B, 0x53, 0xCA, 0x58,
        0xE8, 0xA4, 0xD3, 0xC8, 0xD1, 0x54, 0x39, 0xBA, 0x9A, 0xA3, 0x94, 0xCF, 0x9D, 0x49, 0x8C, 0x01,
        0x5F, 0x47, 0x63, 0x0A, 0x74, 0x71, 0xC9, 0x07, 0x0A, 0x01, 0xA5, 0xBA, 0x8E, 0xC1, 0x3C, 0x48,
        0x75, 0x32, 0x52, 0xB9, 0xCC, 0xFE, 0x9D, 0xA3, 0x9C, 0x9E, 0x47, 0x15, 0x80, 0xBD, 0x88, 0xBA,
        0xE2, 0x43, 0x9A, 0x34, 0x7A, 0x3C, 0x46, 0x5A, 0xEA, 0x93, 0x3E, 0x42, 0x2D, 0xFB, 0x80, 0xEE,
        0x49, 0x95, 0x25, 0x3A, 0x97, 0x8D, 0x1F, 0x71, 0x98, 0x00, 0x77, 0x0F, 0x43, 0xA3, 0x4E, 0xFA,
        0x64, 0x1E, 0x3D, 0xCE, 0x43, 0x5A, 0x5B, 0x34, 0x95, 0x55, 0x78, 0x9D, 0x9E, 0x78, 0xF1, 0x42,
        0xE8, 0x40, 0x17, 0xCB, 0x7C, 0x76, 0xCF, 0xF7, 0x70, 0x74, 0x21, 0x42, 0x7A, 0x83, 0x3F, 0x8D,
        0xA5, 0x0D, 0x7B, 0xF2, 0x35, 0x08, 0xE1, 0xF8, 0x0E, 0x32, 0x91, 0xCA, 0xBF, 0x52, 0x11, 0x2E,
        0xC8, 0x43, 0x5B, 0x5F, 0xD5, 0x75, 0x17, 0xE5, 0x45, 0xE7, 0x0C, 0xCD, 0xA6, 0x42, 0x5F, 0x41,
        0xD9, 0x3C, 0x5A, 0xB6, 0xE2, 0x8E, 0x19, 0xD1, 0x8F, 0x8C, 0x0E, 0xB7, 0x6E, 0x4B, 0x28, 0xE8,
        0x2E, 0x52, 0x3E, 0xBE, 0x0A, 0x2A, 0xB5, 0xDE, 0x7C, 0x6F, 0x4E, 0xA7, 0x14, 0xE8, 0x9D, 0x43,
        0xD6, 0x04, 0x28, 0x57, 0xD8, 0x91, 0x6F, 0xA0, 0xE1, 0x9B, 0x21, 0x7F, 0x0D, 0x67, 0xBC, 0xE7,
        0x7D, 0x14, 0x19, 0x57, 0xEA, 0x25, 0x69, 0x03, 0xBA, 0xB3, 0x98, 0x3C, 0x7F, 0xC6, 0x7C, 0x18,
        0x83, 0x08, 0xFC, 0xAC, 0x68, 0x3A, 0x9E, 0xC2, 0x6B, 0xCA, 0x41, 0x7D, 0x1A, 0x5E, 0x45, 0x03,
        0x67, 0xC9, 0x66, 0xDE, 0x21, 0xD7, 0xBD, 0xBB, 0xB5, 0x96, 0xCE, 0xA2, 0x00, 0xA2, 0x81, 0xD4,
        0x8D, 0x5F, 0x37, 0x90, 0x9E, 0xB3, 0x11, 0x27, 0x4E, 0x8D, 0x0E, 0xF7, 0xB6, 0xCA, 0xF0, 0x37,
        0x41, 0x1E, 0xFA, 0x67, 0x21, 0x11, 0x55, 0xDA, 0xAB, 0x4C, 0x30, 0x4E, 0x23, 0x64, 0xEA, 0x67,
        0x70, 0x87, 0x73, 0x67, 0xD1, 0x5D, 0x6C, 0x27, 0xE3, 0x7C, 0x57, 0xF6, 0xFF, 0xD2, 0x42, 0x71,
        0x11, 0x0A, 0x59, 0x9E, 0xB1, 0xE0, 0x6D, 0x1C, 0x91, 0x63, 0x20, 0xCD, 0x42, 0xC4, 0x13, 0x7B,
        0x10, 0xE2, 0xF1, 0xC1, 0x95, 0xD7, 0x3F, 0xD9, 0x96, 0x83, 0x5E, 0xCA, 0x0A, 0x6E, 0xA1, 0x96,
        0x84, 0xA3, 0xEA, 0xBD, 0xD4, 0xAE, 0x8E, 0xC8, 0xD8, 0x8C, 0x5C, 0xAB, 0xFF, 0x57, 0xA6, 0xEB,
        0x70, 0xA0, 0x6E, 0xB7, 0x7F, 0x96, 0x14, 0x40, 0xD2, 0x82, 0x85, 0x82, 0x33, 0x7D, 0x42, 0xCC,
        0xE7, 0x41, 0x29, 0x56, 0x79, 0xB2, 0x0A, 0xF6, 0xA8, 0x01, 0x9E, 0x44, 0x3A, 0x9B, 0x8A, 0x65,
        0xD2, 0xBE, 0xCA, 0x00, 0x9C, 0x33, 0x89, 0x63, 0x1F, 0xFA, 0xA4, 0xF1, 0xC0, 0xA1, 0x82, 0x54,
        0xD0, 0xCE, 0x2F, 0x83, 0xD8, 0x2E, 0x5C, 0xA2, 0x63, 0x6E, 0x5E, 0xF5, 0xD7, 0xCE, 0x32, 0x25,
        0x1A, 0x16, 0xA6, 0x27, 0x65, 0xE5, 0xF1, 0x39, 0x31, 0xE6, 0x45, 0x84, 0xAB, 0xEF, 0x3B, 0x91,
        0x05, 0x6C, 0xDD, 0xE3, 0x6B, 0x76, 0x03, 0x7A, 0xDC, 0xF5, 0xDC, 0x7D, 0xDF, 0x21, 0xFB, 0xCB,
        0xCC, 0x63, 0x5C, 0x1E, 0xB9, 0xC3, 0x18, 0x16, 0x0E, 0x3D, 0xB1, 0xAF, 0xA4, 0x65, 0xE1, 0x94,
        0x2B, 0x51, 0x1F, 0xF5, 0xCB, 0x20, 0xDE, 0xDA, 0x5F, 0xB3, 0xA9, 0xCD, 0x23, 0x11, 0x5B, 0x2A,
        0x6A, 0x7C, 0x9F, 0x7C, 0x17, 0x48, 0x50, 0xC2, 0x9D, 0x89, 0x08, 0xC9, 0xF6, 0x3C, 0x6D, 0xE9,
        0x81, 0x11, 0xCD, 0x2C, 0x24, 0x9E, 0x00, 0x53, 0x5E, 0x9F, 0x85, 0x60, 0xE4, 0x46, 0x75, 0x76,
        0x59, 0x42, 0x71, 0xAA, 0x6B, 0xF0, 0xAA, 0xD3, 0x51, 0xA8, 0x0B, 0xB1, 0xDA, 0xF0, 0x43, 0x19,
        0x73, 0x02, 0x26, 0x05, 0xDD, 0x61, 0x4A, 0x73, 0xCC, 0x37, 0x1E, 0xA2, 0x90, 0x13, 0xD2, 0x81,
        0x09, 0xEA, 0x3B, 0x58, 0xEF, 0x69, 0xCC, 0x9D, 0x9B, 0x0A, 0x5E, 0xC2, 0x23, 0x13, 0x26, 0xA1,
        0xEB, 0x8B, 0x88, 0xCF, 0x7B, 0xF0, 0x5A, 0xC3, 0x73, 0xB0, 0x2B, 0xE0, 0xB4, 0x85, 0xF1, 0x67,
        0x41, 0x50, 0x59, 0x0C, 0x3D, 0x56, 0x1E, 0x7B, 0x6F, 0x3E, 0xFB, 0x2A, 0xF3, 0xDA, 0x68, 0x2E,
        0xEB, 0xAB, 0x12, 0x1D, 0x9A, 0xAE, 0x7B, 0xAD, 0x6C, 0x56, 0x1D, 0x1A, 0x5C, 0xA7, 0x5D, 0xEE,
        0xA9, 0x38, 0xB6, 0x36, 0x1C, 0x36, 0xB3, 0x0B, 0xF3, 0xEB, 0x22, 0x36, 0x18, 0xEC, 0x13, 0x9C,
        0x26, 0x31, 0x29, 0x62, 0xB6, 0x8E, 0x89, 0x13, 0x7D, 0x12, 0xFF, 0xF3, 0x17, 0x6B, 0xE9, 0x58,
        0x2A, 0xBC, 0x35, 0x0A, 0x09, 0x56, 0x33, 0xB0, 0xB5, 0x6F, 0xED, 0x67, 0x5B, 0x01, 0xC2, 0xF8,
        0xAD, 0x1E, 0xCA, 0x1B, 0xCD, 0x1B, 0x9A, 0xEA, 0x0C, 0x1F, 0xD2, 0x2E, 0x8D, 0x6B, 0xD4, 0x2F,
        0x6C, 0x0B, 0xDE, 0xB9, 0x54, 0x2F, 0xEB, 0xD1, 0x4B, 0xFF, 0x11, 0x42, 0x82, 0x1B, 0xE4, 0x59,
        0xB2, 0xA8, 0xD0, 0xE2, 0x51, 0x3F, 0xA6, 0x7E, 0x94, 0x92, 0x07, 0x73, 0x92, 0xEE, 0xAE, 0xFE,
        0xAE, 0xBF, 0xD8, 0xC9, 0x60, 0xBD, 0xB5, 0x06, 0x32, 0x61, 0x79, 0x30, 0x6A, 0xB2, 0x3F, 0xA4,
        0x1C, 0x41, 0x00, 0xCB, 0xFB, 0xC6, 0x27, 0x85, 0x8E, 0x4A, 0xB9, 0x10, 0x6E, 0x42, 0x26, 0x63,
        0xF6, 0xCD, 0x85, 0x0C, 0x8A, 0x8C, 0x7E, 0x5A, 0x65, 0x6B, 0xBF, 0x9C, 0xE1, 0xD4, 0x53, 0x38,
        0x98, 0xC0, 0xFD, 0x1B, 0x2F, 0xEA, 0xB2, 0x90, 0xFF, 0xC3, 0x94, 0xE8, 0x21, 0x90, 0xA5, 0xE9,
        0xE5, 0x75, 0x3B, 0x26, 0x3C, 0xF6, 0xA8, 0x23, 0xC2, 0xC9, 0xDE, 0xE9, 0x3F, 0x0A, 0x05, 0x64,
        0x22, 0x68, 0xAB, 0xF9, 0xED, 0xC0, 0x7B, 0x19, 0xF0, 0x58, 0x72, 0x03, 0xB4, 0x22, 0x31, 0x03,
        0x5E, 0x9D, 0x0C, 0x0E, 0x18, 0x97, 0x15, 0xE4, 0xC9, 0x3F, 0x6F, 0xB8, 0x0D, 0xEF, 0x1C, 0x83,
        0x2C, 0xB5, 0xC7, 0xEB, 0x0E, 0x9D, 0x7F, 0x05, 0x24, 0x19, 0x85, 0x5C, 0xA0, 0x89, 0x98, 0xF8,
        0xCF, 0x66, 0x05, 0x91, 0x8D, 0x3A, 0x08, 0x70, 0x55, 0xF9, 0x38, 0x37, 0xC4, 0xDD, 0x6A, 0xC0,
        0x75, 0x22, 0x90, 0x87, 0xFC, 0x4B, 0x45, 0x44, 0x5A, 0xC8, 0x65, 0x42, 0x94, 0x87, 0xC6, 0xB1,
        0x5A, 0x84, 0xCD, 0x92, 0x6D, 0x62, 0xD9, 0xE6, 0x62, 0x37, 0xEC, 0x3B, 0x04, 0x99, 0x52, 0x2B,
        0xD8, 0x4D, 0xF0, 0x72, 0x44, 0x58, 0x2D, 0x47, 0x13, 0x17, 0x28, 0xBE, 0x6C, 0xDE, 0xC2, 0x36,
        0xB5, 0x6F, 0x87, 0x1D, 0x98, 0x62, 0x28, 0x91, 0xE3, 0x44, 0x98, 0xD3, 0xC1, 0x89, 0x31, 0x13,
        0x57, 0xFA, 0xA2, 0x49, 0xE6, 0x9F, 0xE9, 0x24, 0xC7, 0x3B, 0x49, 0xA6, 0x9E, 0xDD, 0x15, 0xC7,
        0x66, 0xD1, 0xC2, 0xF5, 0x96, 0x3F, 0xD1, 0x58, 0x75, 0x6C, 0xAD, 0xE7, 0x52, 0x6E, 0x8F, 0xAF,
        0x70, 0xCE, 0xCC, 0xA4, 0x31, 0x09, 0xF5, 0xAA, 0xB0, 0xEF, 0x9A, 0x05, 0xC0, 0xE8, 0x46, 0xD1,
        0x1F, 0xF3, 0x7B, 0x6A, 0x99, 0x5A, 0x22, 0xE4, 0x36, 0xB1, 0x3A, 0xC1, 0x98, 0xCF, 0xF3, 0x8E,
        0x6C, 0xE3, 0xB9, 0x82, 0x53, 0xC8, 0xC9, 0x0F, 0xE6, 0xCB, 0x2B, 0x54, 0x72, 0xF4, 0xDB, 0xE0,
        0x6F, 0x6D, 0xBD, 0x4A, 0xB1, 0x1E, 0x19, 0x0B, 0xD7, 0x44, 0x55, 0x9E, 0x25, 0xC3, 0x8D, 0xE9,
        0x63, 0x4D, 0xDD, 0x1B, 0x3A, 0xE4, 0x2C, 0x16, 0xB8, 0xDE, 0x9D, 0xF2, 0x3B, 0xB6, 0x49, 0xAB,
        0x00, 0x60, 0x44, 0x08, 0x8A, 0x3E, 0x2A, 0x5A, 0xF3, 0xD0, 0x0D, 0xA0, 0x89, 0x84, 0x6F, 0x4B,
        0x70, 0x3E, 0x77, 0xEE, 0xD4, 0x5F, 0xAA, 0xD7, 0x8F, 0x22, 0x0F, 0x3E, 0x44, 0x86, 0xDC, 0x0E,
        0x68, 0xEB, 0x9C, 0x24, 0xE5, 0x8A, 0xBB, 0x93, 0xE2, 0x5D, 0x39, 0x45, 0x76, 0xBA, 0xEB, 0xAD,
        0xF7, 0x70, 0x85, 0xD9, 0xEA, 0xF6, 0x9C, 0xF7, 0x24, 0x8B, 0x9D, 0xDE, 0x16, 0xC1, 0xD3, 0xDC,
        0xFF, 0xB7, 0x8D, 0x12, 0xE7, 0x30, 0x51, 0xAC, 0xD8, 0x33, 0x66, 0x1F, 0x48, 0x64, 0xC1, 0x58,
        0xE6, 0x64, 0x2A, 0x03, 0x8B, 0x15, 0x37, 0x1F, 0xEA, 0x7A, 0xDE, 0x6A, 0x2C, 0x5A, 0x76, 0x29,
        0xE0, 0xC6, 0x1F, 0xE7, 0x87, 0xBC, 0x61, 0xEB, 0x13, 0x92, 0xD7, 0xC6, 0x78, 0xC9, 0xC2, 0x99,
        0x9D, 0xF7, 0xF0, 0x80, 0x5D, 0xA4, 0x4C, 0xD2, 0x8F, 0x29, 0xA5, 0x0F, 0xA3, 0x46, 0xBA, 0x80,
        0x3D, 0x4B, 0xA5, 0x7F, 0x49, 0xEA, 0xAE, 0xBF, 0x78, 0xC4, 0x0D, 0xC6, 0x9B, 0xBE, 0xFF, 0xBF,
        0xDB, 0x6D, 0x17, 0x6B, 0x75, 0xC9, 0xE7, 0x4E, 0x60, 0xAF, 0x76, 0x07, 0x98, 0xD6, 0xA1, 0x9D,
        0x04, 0x60, 0x28, 0xCC, 0xD8, 0x48, 0xAC, 0x1F, 0xFD, 0x40, 0xAD, 0xCE, 0x9D, 0xFE, 0x4C, 0x17,
        0xBC, 0x4B, 0x97, 0x46, 0x15, 0x74, 0x4C, 0xD0, 0x65, 0x03, 0xE0, 0x25, 0x0B, 0x4D, 0x72, 0xCA,
        0x20, 0xFF, 0x83, 0xDA, 0xE2, 0x92, 0xCC, 0xA7, 0x3B, 0xFA, 0xDD, 0x76, 0x2B, 0x3D, 0x3E, 0x7A,
        0x34, 0x7E, 0x63, 0xDF, 0x13, 0x53, 0x88, 0xA2, 0x9F, 0xC3, 0x16, 0x30, 0x5D, 0xD3, 0x7E, 0x1B,
        0x9B, 0x3C, 0x15, 0x44, 0x5F, 0x10, 0x0D, 0x87, 0x7C, 0x29, 0xFD, 0x4D, 0x6D, 0x64, 0x89, 0x98,
        0xA0, 0x4E, 0xC8, 0x26, 0x8D, 0xE2, 0x1F, 0x43, 0xA9, 0x82, 0xDE, 0x17, 0x2D, 0x99, 0xE9, 0x6A,
        0xE1, 0xAB, 0x49, 0x34, 0xB9, 0x19, 0x44, 0x33, 0x77, 0x6E, 0x8D, 0x4D, 0xFF, 0x49, 0xA0, 0x02,
        0x00, 0x9E, 0xE2, 0xA5, 0xB4, 0xBC, 0x1D, 0x46, 0x68, 0xBE, 0xF4, 0x05, 0x72, 0x1E, 0xB3, 0x77,
        0x9A, 0x25, 0x0A, 0x41, 0x48, 0x02, 0x46, 0x15, 0xAA, 0x3C, 0x3A, 0x20, 0x79, 0x86, 0xFC, 0x2A,
        0xB2, 0x97, 0x5E, 0x7D, 0x37, 0xA0, 0x91, 0xB0, 0x48, 0x91, 0xEB, 0x1E, 0x15, 0xC3, 0xC7, 0xB2,
        0x81, 0x02, 0x77, 0xFB, 0xAE, 0x67, 0xB8, 0x94, 0xF2, 0x80, 0x3A, 0xE4, 0x1E, 0xDD, 0x94, 0xAD,
        0xA2, 0x5C, 0xC0, 0x8C, 0x49, 0x67, 0x40, 0x78, 0x1B, 0x6D, 0xE5, 0x41, 0x82, 0xDA, 0x89, 0x6C,
        0xEF, 0x31, 0x88, 0x1E, 0xE9, 0xD4, 0x93, 0x50, 0xD4, 0xA8, 0x4F, 0xD3, 0xA0, 0xD5, 0x6E, 0x35,
        0x04, 0x19, 0x49, 0x14, 0xBB, 0x6B, 0xD5, 0x51, 0x69, 0x75, 0xA0, 0x33, 0xC4, 0x3C, 0x05, 0x6A,
        0x0B, 0x31, 0xDF, 0x65, 0x05, 0xE1, 0xF2, 0x61, 0x08, 0xE4, 0xDA, 0x13, 0xD3, 0x34, 0x87, 0x0F,
        0x6A, 0x14, 0xA8, 0xAA, 0x3E, 0x8A, 0xC3, 0xD7, 0x69, 0x0E, 0x20, 0x38, 0x43, 0xE3, 0x1E, 0x47,
        0x40, 0xDE, 0x4C, 0xB2, 0xCD, 0xF2, 0x82, 0x6F, 0x07, 0xD9, 0xCB, 0x2C, 0x3C, 0x6E, 0x31, 0x2E,
        0x1D, 0xD6, 0x93, 0xC6, 0xDE, 0x81, 0x06, 0xB3, 0x06, 0xEA, 0xBE, 0x60, 0x87, 0x1B, 0x8D, 0x33,
        0x38, 0xC8, 0xE2, 0xDE, 0x2E, 0x6D, 0x36, 0xB9, 0xD4, 0xDE, 0xC9, 0x5C, 0x70, 0x59, 0x55, 0x1B,
        0x71, 0x30, 0x65, 0x38, 0x48, 0x09, 0x12, 0xC1, 0x3A, 0x43, 0x2C, 0xDA, 0xC9, 0x38, 0xF8, 0xCC,
        0x8D, 0x23, 0x5D, 0xE0, 0x67, 0x8A, 0x91, 0x2D, 0x57, 0x05, 0x1C, 0xCA, 0x66, 0x34, 0x98, 0x44,
        0x39, 0xE8, 0x05, 0x68, 0x1D, 0xCC, 0xC2, 0x7B, 0xEB, 0xC4, 0x54, 0x20, 0x5D, 0xD5, 0x9B, 0xB5,
        0x05, 0xAD, 0x6F, 0x9C, 0xFA, 0x80, 0x12, 0x70, 0x7F, 0xA0, 0xD7, 0xF0, 0xBC, 0xCD, 0x22, 0xB0,
        0xDD, 0x18, 0xDB, 0x36, 0x96, 0xF2, 0xC7, 0x13, 0x40, 0x80, 0x84, 0x07, 0x86, 0x9B, 0x7E, 0x89,
        0x4F, 0x7B, 0xD3, 0x07, 0x89, 0x90, 0x36, 0x5E, 0x68, 0xE1, 0xDB, 0xE5, 0x85, 0x99, 0xB9, 0x23,
        0x93, 0x95, 0x27, 0x6A, 0x29, 0xF2, 0x2D, 0xC6, 0xF3, 0x49, 0x17, 0xE8, 0xEE, 0xDC, 0x79, 0x0F,
        0x04, 0xA7, 0xCB, 0xEA, 0x5A, 0x84, 0x57, 0x58, 0x51, 0x4A, 0x26, 0x2D, 0xF2, 0x5A, 0xF7, 0xA4,
        0xF0, 0x61, 0x99, 0xFC, 0xE6, 0x03, 0xDD, 0xC0, 0xC8, 0xDB, 0x90, 0x9C, 0x4C, 0xE5, 0xC8, 0x5D,
        0xFB, 0xF2, 0xBB, 0x63, 0x01, 0x8E, 0xA9, 0xE6, 0x93, 0xFF, 0x53, 0xDD, 0x51, 0x40, 0x22, 0x76,
        0x7D, 0xEF, 0xA1, 0x75, 0x4E, 0xB7, 0xDF, 0x33, 0xCF, 0x55, 0xC4, 0xC0, 0xBE, 0xF3, 0x8B, 0xCE,
        0x3C, 0xAE, 0x3B, 0xF4, 0x31, 0x2A, 0xF9, 0xDE, 0x66, 0xBA, 0xD8, 0x57, 0xDF, 0xC9, 0x6B, 0x2A,
        0x83, 0x55, 0x99, 0x01, 0x1B, 0x50, 0x9E, 0x07, 0x6F, 0xB6, 0xF6, 0xB4, 0x16, 0x91, 0x51, 0x5A,
        0xF3, 0xA1, 0xE9, 0xC3, 0x67, 0x92, 0x7D, 0x73, 0x40, 0xA3, 0xDE, 0x2B, 0x8A, 0x64, 0x1C, 0x37,
        0x4C, 0x2F, 0x9C, 0xCE, 0x3A, 0x96, 0xAA, 0x24, 0x1B, 0x00, 0x47, 0xE5, 0xED, 0x9C, 0x3D, 0x17,
        0xA1, 0xFF, 0x7E, 0x2C, 0x5E, 0x36, 0x37, 0xBE, 0x54, 0x35, 0xC4, 0x58, 0x10, 0x16, 0xF6, 0xD5,
        0xF3, 0x68, 0x13, 0xC7, 0x89, 0xEA, 0x15, 0xDC, 0x60, 0x57, 0x51, 0x21, 0x28, 0xCB, 0x31, 0x74,
        0xCC, 0x7E, 0xD0, 0x74, 0x93, 0x0A, 0xA1, 0xBB, 0xE6, 0x17, 0x96, 0x58, 0x7C, 0xC1, 0xFD, 0xBC,
        0x94, 0x42, 0x80, 0xCC, 0x53, 0xF1, 0xC3, 0x7C, 0xE6, 0x38, 0x4B, 0x93, 0x49, 0x96, 0x7B, 0xF1,
        0xE7, 0xDB, 0x6D, 0x4B, 0x46, 0xF5, 0x0E, 0x70, 0xD3, 0xB1, 0x37, 0x59, 0xF6, 0xBE, 0xC8, 0x24,
        0x14, 0x45, 0xDF, 0x57, 0x8A, 0x38, 0xAE, 0x99, 0xD4, 0x73, 0x09, 0xA1, 0xF6, 0xFE, 0x3A, 0xAD,
        0x55, 0xC7, 0xF7, 0x28, 0x01, 0xF1, 0x23, 0x96, 0xD6, 0x0B, 0xDB, 0x98, 0xCF, 0xD4, 0x99, 0x7B,
        0xC7, 0xF5, 0x34, 0xCC, 0x50, 0x66, 0x16, 0x1F, 0x21, 0xAE, 0xD2, 0xFA, 0x53, 0xE1, 0x65, 0xD2,
        0x10, 0x6F, 0x1E, 0xE5, 0x57, 0x55, 0x11, 0xFE, 0x44, 0x43, 0x11, 0x12, 0xEF, 0x41, 0x86, 0x44,
        0x45, 0xFE, 0x4F, 0x24, 0x99, 0x76, 0xDA, 0xE9, 0x5F, 0x73, 0x5A, 0x98, 0x01, 0x26, 0xED, 0x07,
        0xD1, 0x06, 0x10, 0x7F, 0xD8, 0x39, 0x9B, 0xD4, 0xFB, 0x89, 0xC8, 0xF9, 0xCD, 0x27, 0x8B, 0x93,
        0x67, 0x73, 0x7B, 0xF2, 0xA8, 0x22, 0xE2, 0xA1, 0x5C, 0xE4, 0x3C, 0x99, 0x7F, 0x09, 0x60, 0xAF,
        0x3D, 0xE2, 0xF7, 0xBC, 0xDC, 0x0A, 0xE6, 0xC4, 0xFC, 0xBB, 0x40, 0x69, 0x21, 0x9C, 0x38, 0x64,
        0x51, 0xED, 0x7D, 0xF0, 0x98, 0x44, 0x37, 0x1D, 0x88, 0x02, 0x13, 0x77, 0xF5, 0xED, 0x5F, 0xBA,
        0x13, 0x22, 0x31, 0x6A, 0x8A, 0x1E, 0x97, 0xFC, 0x27, 0x37, 0xE5, 0xBF, 0xFF, 0xCE, 0x8D, 0xFC,
        0xEC, 0x27, 0x61, 0xA8, 0x61, 0xA4, 0x99, 0xDB, 0x9A, 0x68, 0xB9, 0x59, 0xFF, 0x6E, 0x2F, 0x50,
        0xC8, 0xE8, 0x55, 0x8B, 0x34, 0xB7, 0xE4, 0x60, 0x73, 0x9D, 0xCD, 0x46, 0x37, 0x51, 0x16, 0x68,
        0x91, 0x14, 0x5C, 0x68, 0x1B, 0x71, 0x98, 0x3F, 0x0A, 0x7B, 0x12, 0xFE, 0x19, 0xF6, 0x62, 0xCF,
        0x0A, 0x77, 0x26, 0x46, 0x22, 0x0E, 0xE7, 0xC0, 0x39, 0xEE, 0xA8, 0x4F, 0x20, 0x2D, 0xF4, 0x9E,
        0xB0, 0xD2, 0x47, 0xCF, 0xFE, 0x37, 0x7F, 0x1B, 0x93, 0xD6, 0xB2, 0xE0, 0x31, 0xD8, 0x15, 0x4D,
        0xEE, 0x18, 0xA0, 0x5F, 0x9D, 0xA3, 0xEE, 0xDB, 0xFC, 0xD0, 0x76, 0xCD, 0x50, 0xCB, 0xDB, 0xF4,
        0x37, 0x49, 0x6F, 0x24, 0x4F, 0x5A, 0x0A, 0x60, 0xB8, 0x5C, 0x73, 0xCF, 0xD2, 0xD4, 0x00, 0xA8,
        0x56, 0xBC, 0x98, 0x53, 0x95, 0x67, 0x45, 0xD1, 0x4A, 0x85, 0xE2, 0xB2, 0x68, 0x7D, 0x1B, 0x09,
        0x16, 0xA1, 0x79, 0xA2, 0x7B, 0x27, 0xDA, 0x2D, 0x25, 0x1F, 0x95, 0x4B, 0x5F, 0x29, 0x3C, 0x97,
        0x36, 0xF0, 0x32, 0xAB, 0x92, 0x64, 0x17, 0x87, 0xD5, 0xDD, 0xCE, 0x9F, 0xBA, 0xAE, 0x57, 0x9A,
        0x9C, 0xF4, 0x12, 0xC5, 0x29, 0xC8, 0x27, 0x7F, 0x9C, 0xD9, 0x7E, 0x43, 0xD2, 0xE9, 0x24, 0xC3,
        0x60, 0xEA, 0xA6, 0xC9, 0x7A, 0x61, 0xEA, 0xC9, 0xCA, 0xD5, 0xA0, 0x76, 0x2F, 0x36, 0xC3, 0x29,
        0x34, 0x63, 0x9E, 0x54, 0xE1, 0x42, 0x2F, 0x0F, 0xC2, 0x2B, 0xC2, 0xDD, 0x8B, 0xBA, 0x75, 0x16,
        0x06, 0x06, 0x26, 0xFE, 0x54, 0x1E, 0xFE, 0x32, 0xFC, 0x8B, 0x28, 0x3B, 0x85, 0xEB, 0x58, 0xE0,
        0x34, 0x98, 0x90, 0xC9, 0xC2, 0xA1, 0x3A, 0x02, 0x9E, 0xB2, 0x68, 0x07, 0x36, 0x10, 0xFA, 0xF7,
        0x78, 0xB2, 0xF1, 0x36, 0x28, 0xB0, 0x41, 0x99, 0xD6, 0xD6, 0x66, 0xC6, 0xAE, 0x26, 0x53, 0xE5,
        0x3B, 0x2C, 0xE4, 0x71, 0xDD, 0x4C, 0x0C, 0x11, 0x9C, 0x9C, 0x28, 0x4B, 0x3D, 0xBB, 0xA2, 0x9B,
        0x1C, 0x68, 0xF4, 0xF6, 0xB6, 0x76, 0xE4, 0x77, 0x50, 0x7E, 0xA3, 0x30, 0x0C, 0xBC, 0x9D, 0x78,
        0x50, 0xE3, 0x52, 0xC4, 0x50, 0xEF, 0x0B, 0xCD, 0x71, 0xB1, 0x3B, 0x15, 0x25, 0x12, 0xAD, 0xA4,
        0xAB, 0xDA, 0x99, 0x99, 0xBF, 0xD9, 0xA2, 0x60, 0xB0, 0x11, 0x56, 0x4F, 0x9F, 0x66, 0xC6, 0xDA,
        0xEC, 0x75, 0x5F, 0x02, 0x37, 0x53, 0x71, 0x89, 0xBD, 0xB0, 0x3B, 0x63, 0x9A, 0x28, 0xE9, 0x90,
        0x42, 0xD1, 0xED, 0x21, 0x50, 0x36, 0x60, 0x84, 0x5F, 0x76, 0xBF, 0xAE, 0xC4, 0xFE, 0xF7, 0x99,
        0xF9, 0x66, 0x60, 0x25, 0x84, 0xAA, 0xB4, 0x24, 0x5E, 0x96, 0xE2, 0x44, 0xD7, 0xF9, 0xAB, 0xBB,
        0x23, 0xF2, 0x79, 0xFB, 0x76, 0x37, 0x9E, 0x8B, 0xBF, 0xD5, 0xE6, 0x7B, 0x98, 0x43, 0x9A, 0xB6,
        0xE2, 0xAB, 0xEA, 0x58, 0x59, 0x0D, 0x24, 0x29, 0x90, 0x0C, 0x39, 0x5D, 0x33, 0x9F, 0x76, 0xED,
        0xA2, 0x61, 0xAE, 0x2F, 0x6D, 0x1D, 0xA4, 0x28, 0xBF, 0xC5, 0xA8, 0x91, 0x3B, 0x11, 0x0D, 0x31,
        0x76, 0xA8, 0x93, 0xDC, 0x67, 0xD2, 0xAD, 0x82, 0x50, 0xF9, 0xAB, 0x2B, 0xC4, 0x5D, 0xED, 0x11,
        0x6E, 0xDA, 0x67, 0x98, 0x5B, 0xF0, 0x7F, 0x1B, 0x99, 0x94, 0x72, 0xA6, 0x9B, 0x4E, 0xA8, 0xF7,
        0xE0, 0x96, 0xED, 0xD0, 0x3E, 0xB7, 0x99, 0x6D, 0x6C, 0x47, 0xA6, 0x27, 0x2D, 0x2A, 0x7D, 0x05,
        0x7F, 0x0C, 0x1D, 0x49, 0x5F, 0x4F, 0x7C, 0xA6, 0x74, 0xBE, 0x8F, 0x8F, 0x50, 0x40, 0xE5, 0xCE,
        0xA7, 0x24, 0xFE, 0x8C, 0xF9, 0x6C, 0x62, 0xB4, 0xD0, 0x76, 0xFC, 0x66, 0x87, 0xE9, 0xF0, 0x6C,
        0xA8, 0x27, 0xBE, 0xD5, 0xB1, 0x44, 0xBA, 0x50, 0x63, 0x82, 0x26, 0x9C, 0x76, 0x8F, 0xF2, 0x66,
        0xFF, 0xBE, 0xB9, 0x12, 0xCB, 0x4E, 0xA0, 0x76, 0x2F, 0x44, 0xFF, 0x32, 0x97, 0x33, 0xB4, 0xA3,
        0x7C, 0x76, 0xD1, 0xA9, 0xA1, 0xFA, 0x69, 0xC1, 0x4E, 0xEA, 0x28, 0xDD, 0x0B, 0x28, 0xFC, 0x0B,
        0x13, 0x50, 0x07, 0x4C, 0x26, 0xA9, 0xF9, 0xEF, 0x51, 0xAD, 0xB0, 0x5C, 0xEC, 0x97, 0xE6, 0x29,
        0xC0, 0x85, 0xE0, 0x31, 0x4D, 0xBA, 0x64, 0xED, 0x4D, 0x90, 0x14, 0x3B, 0xB4, 0x1C, 0x88, 0x51,
        0x7B, 0x0C, 0x6D, 0x51, 0x5B, 0x64, 0x61, 0x10, 0xBE, 0x3D, 0x09, 0xA8, 0xFE, 0x5F, 0xCF, 0x7F,
        0xDC, 0x8C, 0x1B, 0xD0, 0x39, 0xFA, 0x07, 0x41, 0xAA, 0x2F, 0xBF, 0x19, 0x86, 0xEB, 0x5C, 0x6E,
        0x3E, 0xF3, 0x73, 0x77, 0x71, 0x7F, 0x86, 0x52, 0xB8, 0xF6, 0x26, 0x38, 0x3B, 0x59, 0x41, 0x6F,
        0x7B, 0x72, 0x3C, 0x18, 0x92, 0xCE, 0x27, 0x4C, 0xA5, 0x4A, 0xA5, 0xF2, 0x70, 0x06, 0x21, 0xA8,
        0xBE, 0xF9, 0x8C, 0xD7, 0x87, 0x75, 0xCF, 0x29, 0x74, 0x1D, 0x4C, 0x28, 0xB5, 0x1E, 0x58, 0x21,
        0xE4, 0x4D, 0xA7, 0xAB, 0xDC, 0xA3, 0xCB, 0xF7, 0xD3, 0xEE, 0x97, 0xEE, 0x18, 0xCF, 0x4E, 0x2A,
        0xE3, 0xC1, 0x49, 0x8F, 0x10, 0xD7, 0xE8, 0xCA, 0x86, 0x80, 0xDB, 0x54, 0x6E, 0x12, 0xFD, 0xA2,
        0x32, 0xB4, 0xDF, 0x0C, 0x51, 0xFB, 0x9C, 0x42, 0x1D, 0x21, 0x27, 0xE2, 0xE3, 0x4D, 0xC1, 0xAB,
        0x6E, 0x78, 0xBF, 0xB3, 0x77, 0x32, 0x3C, 0x38, 0xF7, 0xCC, 0x26, 0xA3, 0x73, 0x95, 0xBF, 0xBE,
        0xFF, 0x22, 0xC2, 0x76, 0xF9, 0x06, 0xFD, 0x1E, 0xA4, 0x20, 0x05, 0x5A, 0x75, 0x61, 0x86, 0x19,
        0x14, 0x59, 0x89, 0x92, 0x27, 0xC0, 0x6F, 0x35, 0x63, 0x04, 0x88, 0x83, 0x9A, 0x05, 0x5A, 0x70,
        0xFE, 0x3E, 0x22, 0x8C, 0x08, 0x5B, 0xD8, 0x01, 0xB8, 0x90, 0x46, 0x57, 0x04, 0x5B, 0x0B, 0x99,
        0x95, 0xF9, 0x35, 0xBD, 0x22, 0x30, 0xFF, 0x5F, 0xDE, 0x36, 0x92, 0xCB, 0x97, 0x5C, 0x2C, 0xC0,
        0x00, 0xCC, 0xA6, 0x31, 0xC3, 0x72, 0xFA, 0xA3, 0x52, 0x59, 0xE3, 0x15, 0xBC, 0xBF, 0x91, 0xFE,
        0x6B, 0x74, 0x20, 0x0E, 0xE0, 0xD9, 0x5B, 0x91, 0xD9, 0x16, 0x17, 0xA5, 0x0F, 0x65, 0xA6, 0x4C,
        0xE6, 0x40, 0x8F, 0xBE, 0x6E, 0x9E, 0xD4, 0x5E, 0xFE, 0x73, 0xAC, 0x77, 0xE4, 0x47, 0x13, 0x84,
        0x26, 0xF4, 0x42, 0x10, 0x07, 0x03, 0xCD, 0x68, 0x46, 0xA2, 0x85, 0x41, 0xE1, 0x60, 0x45, 0x7D,
        0xFC, 0xDE, 0xD8, 0x2E, 0x18, 0xC9, 0x0D, 0x48, 0x94, 0x7D, 0xC5, 0xF8, 0x80, 0x78, 0xBD, 0xD7,
        0x41, 0xDB, 0x0C, 0x1A, 0x73, 0x03, 0xE3, 0x2D, 0xAF, 0xDB, 0xFC, 0x43, 0xCF, 0x8B, 0xEA, 0xC0,
        0x20, 0x3F, 0xE6, 0x25, 0xBF, 0xB2, 0x80, 0xC5, 0x96, 0x5A, 0xF1, 0x79, 0x59, 0x4E, 0x39, 0xC0,
        0x5B, 0x3C, 0xE9, 0x57, 0xE5, 0xE3, 0xD2, 0xCC, 0x95, 0x22, 0x85, 0x39, 0x43, 0x46, 0xD1, 0xDC,
        0x6C, 0xD4, 0x91, 0xE6, 0x08, 0x13, 0x90, 0x0C, 0xE4, 0x29, 0x60, 0x28, 0x8B, 0x4C, 0xEE, 0x4A,
        0x1A, 0x83, 0x08, 0x99, 0x53, 0x5D, 0x0A, 0x0C, 0x44, 0x2D, 0x7C, 0x1F, 0xE5, 0x3C, 0x19, 0x51,
        0x14, 0x7B, 0xA3, 0x3C, 0x5C, 0x00, 0x82, 0xDF, 0x2B, 0xB1, 0xFB, 0xB9, 0x08, 0xB0, 0x86, 0x83,
        0xF7, 0x5E, 0x86, 0xFC, 0x95, 0xB9, 0xD5, 0xDE, 0x44, 0x81, 0x20, 0xBB, 0x3F, 0x78, 0xBF, 0x67,
        0x0E, 0x7B, 0x49, 0x77, 0xAD, 0xE2, 0xD1, 0xB1, 0x56, 0xA1, 0x4B, 0xED, 0x08, 0x96, 0xCC, 0x5A,
        0x25, 0xD0, 0xEB, 0x0F, 0x85, 0x1B, 0xCB, 0xB1, 0xEE, 0x61, 0x92, 0x17, 0x5D, 0x23, 0x25, 0x4A,
        0x8A, 0xEF, 0xE6, 0x67, 0x37, 0x79, 0x1E, 0xCC, 0x51, 0x4A, 0x30, 0x54, 0x52, 0x4B, 0xF6, 0xC1,
        0xFF, 0x65, 0xDA, 0x27, 0x08, 0xE5, 0x46, 0x79, 0x01, 0x8F, 0xF5, 0x9A, 0xF4, 0xB8, 0x3E, 0xB8,
        0x27, 0x09, 0x7D, 0x59, 0x4F, 0x07, 0x78, 0x61, 0xDE, 0xC3, 0x95, 0x80, 0xDD, 0x42, 0x90, 0xFF,
        0x9C, 0xF0, 0x31, 0xC4, 0x07, 0x72, 0x50, 0x5C, 0x99, 0x6B, 0x20, 0x79, 0xDF, 0x2C, 0x5E, 0xC7,
        0x91, 0x45, 0xA6, 0x62, 0xAE, 0xE7, 0xF8, 0xF7, 0x7A, 0x1D, 0x6F, 0xCE, 0xAD, 0xAA, 0x70, 0xEA,
        0x73, 0x58, 0x3F, 0x7D, 0x85, 0xB5, 0x98, 0xD1, 0x8F, 0x43, 0x44, 0xA4, 0x01, 0xAB, 0x94, 0xC1,
        0xF1, 0x30, 0x01, 0x8F, 0x32, 0xF6, 0xFE, 0x1E, 0x08, 0x17, 0x15, 0xBB, 0xC0, 0x11, 0xD8, 0x46,
        0xBE, 0x29, 0xBD, 0xA1, 0x49, 0x94, 0xAC, 0x61, 0xC8, 0xD5, 0xAF, 0xD6, 0x2C, 0x54, 0xEA, 0x29,
        0x52, 0x92, 0x67, 0x8F, 0x14, 0x39, 0x12, 0x22, 0x58, 0xCE, 0x66, 0xEA, 0x98, 0xD2, 0xBC, 0x9A,
        0x4D, 0x95, 0xE9, 0xAB, 0xBF, 0x42, 0x84, 0x78, 0xDB, 0xB0, 0x6A, 0x65, 0xC6, 0xC2, 0xCC, 0x55,
        0xB4, 0x7C, 0x85, 0xD8, 0x57, 0x72, 0xAD, 0x1D, 0x66, 0xDD, 0xE6, 0x85, 0x63, 0x54, 0x19, 0x58,
        0x4D, 0xF7, 0xD0, 0x83, 0x42, 0xCB, 0x56, 0x2E, 0x06, 0x2B, 0x71, 0x4E, 0x19, 0x84, 0x3B, 0x3B,
        0xF7, 0xB9, 0x39, 0xE7, 0x65, 0xEE, 0x4F, 0xB1, 0x7F, 0xD3, 0x30, 0xAB, 0xD3, 0x27, 0x46, 0x1F,
        0x30, 0x90, 0xCC, 0x62, 0x80, 0x59, 0x33, 0xD6, 0x8E, 0x5C, 0x33, 0x23, 0x6F, 0xE6, 0x5F, 0xF8,
        0xA6, 0x1A, 0x32, 0xD8, 0xF6, 0xA7, 0xCD, 0x85, 0x83, 0x8F, 0x02, 0x7E, 0xA5, 0xCC, 0x1B, 0x4F,
        0xC9, 0x66, 0xA6, 0xBE, 0xC7, 0xCB, 0x3B, 0xFA, 0x65, 0xB0, 0x48, 0x6D, 0x4A, 0x8C, 0x81, 0x2F,
        0xEB, 0x78, 0x3A, 0x26, 0x55, 0x98, 0x09, 0x32, 0x06, 0x82, 0x88, 0xAA, 0x74, 0x55, 0xF1, 0xDD,
        0x02, 0xEA, 0xF1, 0xCF, 0x17, 0x16, 0xC8, 0xDA, 0x70, 0xCE, 0xA6, 0x3A, 0x19, 0xF9, 0x11, 0xAF,
        0x70, 0x68, 0x54, 0x83, 0x48, 0x0D, 0x96, 0xB6, 0x88, 0xE9, 0xA6, 0x16, 0xC8, 0xD7, 0x9A, 0x08,
        0x0D, 0x27, 0x61, 0x32, 0x1A, 0xCA, 0x00, 0x5C, 0x70, 0xA4, 0x92, 0x26, 0x44, 0x26, 0xD4, 0x30,
        0x33, 0x20, 0x36, 0x27, 0xC0, 0x5B, 0x72, 0x60, 0x89, 0x36, 0xDC, 0x55, 0xD5, 0x60, 0xEF, 0x56,
        0x6E, 0xCD, 0xCF, 0x56, 0x19, 0xB1, 0x37, 0x00, 0x74, 0xAC, 0x5F, 0xDF, 0x82, 0xEE, 0x51, 0xF1,
        0x1C, 0x08, 0x66, 0x3F, 0xED, 0x51, 0x12, 0xE4, 0x79, 0xEF, 0x61, 0x58, 0xC2, 0x41, 0x8F, 0x2E,
        0xC5, 0x65, 0x3E, 0xF8, 0x8D, 0x51, 0x50, 0xF1, 0x82, 0xC6, 0xC0, 0xD8, 0x6E, 0x4B, 0xD6, 0x2B,
        0xB6, 0x7D, 0x33, 0x8B, 0xDF, 0xC2, 0x21, 0x93, 0x43, 0xA7, 0xDC, 0x1F, 0x02, 0xCB, 0x7E, 0xA5,
        0x5A, 0x9D, 0x53, 0x84, 0x61, 0xA2, 0x1F, 0x1A, 0x2E, 0xB6, 0x4C, 0x1D, 0x11, 0xDA, 0x20, 0x51,
        0x94, 0xE1, 0x40, 0xD1, 0x26, 0x7E, 0x76, 0x8F, 0x72, 0x2D, 0xC1, 0x65, 0x2A, 0x04, 0x3D, 0x66,
        0xC4, 0x2C, 0x32, 0x63, 0xF5, 0xE6, 0x28, 0xC0, 0x80, 0xE2, 0x1F, 0x4E, 0xDE, 0x78, 0xE4, 0xDC,
        0x76, 0x92, 0x22, 0x61, 0x0C, 0x08, 0xE6, 0x1B, 0x4A, 0x41, 0x84, 0xDD, 0xEA, 0x41, 0xF1, 0x4A,
        0xCC, 0x69, 0xB9, 0xB3, 0xEE, 0x8B, 0x26, 0x87, 0x9F, 0x85, 0xB2, 0x13, 0x1D, 0x2D, 0xDA, 0x56,
        0x94, 0xF8, 0xC6, 0xDB, 0xCA, 0xFA, 0x0F, 0xF4, 0xB3, 0xC4, 0xA2, 0x84, 0x2D, 0x23, 0x1B, 0xA2,
        0xC1, 0xA6, 0xBE, 0x44, 0xEA, 0x07, 0xE6, 0x0E, 0x2B, 0x6B, 0x9D, 0xD9, 0xE4, 0xC6, 0x8D, 0xB6,
        0xF8, 0x83, 0x99, 0xA9, 0x80, 0x6D, 0x51, 0x6D, 0xCE, 0xAD, 0xC7, 0x1B, 0x5C, 0x02, 0x5D, 0xC3,
        0xBD, 0xC7, 0x7D, 0x43, 0x50, 0xAF, 0x78, 0xB8, 0xA7, 0x92, 0x88, 0xEF, 0x1A, 0x06, 0x93, 0x03,
        0xE7, 0xD0, 0x26, 0x7D, 0x95, 0x68, 0x31, 0x9E, 0x1C, 0x56, 0xC2, 0x4E, 0x46, 0x85, 0x78, 0x69,
        0xDE, 0xAD, 0x97, 0x60, 0x03, 0xC4, 0x73, 0xDB, 0x55, 0x05, 0x92, 0x15, 0xC5, 0x2E, 0x5A, 0xDA,
        0x79, 0xD1, 0xDA, 0x76, 0x6C, 0x46, 0x54, 0x78, 0x93, 0x6C, 0x73, 0x2C, 0xF1, 0x17, 0xA6, 0xE4,
        0x59, 0x35, 0x82, 0xFE, 0x94, 0x37, 0xD9, 0x06, 0xDE, 0x77, 0x39, 0x04, 0x03, 0xC3, 0xC1, 0xD6,
        0x0F, 0xBA, 0xAC, 0x68, 0xCE, 0x4A, 0x02, 0xA2, 0x06, 0x40, 0x9D, 0xF8, 0x22, 0x2E, 0x96, 0x93,
        0xF4, 0x6C, 0xE3, 0x0F, 0x9F, 0xD3, 0x2B, 0x45, 0xD9, 0x2C, 0x0C, 0xF8, 0x15, 0x64, 0xFA, 0xAD,
        0x17, 0x4B, 0x2F, 0x86, 0x77, 0x51, 0x92, 0xB5, 0x35, 0x9F, 0x01, 0x8C, 0x5E, 0xD8, 0x96, 0x55,
        0x81, 0xCF, 0x94, 0x71, 0x19, 0x52, 0x3F, 0xE1, 0xC4, 0x26, 0x77, 0xF6, 0x29, 0x1A, 0x12, 0x2F,
        0x85, 0xA4, 0x19, 0x68, 0x68, 0x93, 0x5F, 0xA2, 0x3D, 0xD0, 0xBF, 0x73, 0x45, 0x1D, 0x1C, 0xFC,
        0x80, 0x23, 0x7B, 0x6D, 0x3B, 0x5C, 0x93, 0x60, 0xEC, 0x77, 0xB1, 0xEB, 0xA5, 0xBC, 0x90, 0xBB,
        0x68, 0xFB, 0xE9, 0xE7, 0xF6, 0xE7, 0x6C, 0x71, 0xB9, 0x95, 0xD7, 0xE9, 0x4D, 0x03, 0xD1, 0xA9,
        0xBB, 0x1B, 0xF5, 0x11, 0x38, 0x44, 0xAE, 0xD2, 0xFC, 0x82, 0xA4, 0xEF, 0x87, 0x12, 0x0A, 0x02,
        0x0B, 0x27, 0xFD, 0xCC, 0x29, 0xE6, 0x76, 0xE4, 0xB5, 0x5C, 0xBC, 0x40, 0xD6, 0xF5, 0x9C, 0x40,
        0xBF, 0xF1, 0xF5, 0x31, 0x8A, 0xCC, 0x28, 0x65, 0xBC, 0xB6, 0x73, 0x3C, 0x8C, 0x63, 0xD8, 0x70,
        0x79, 0x2A, 0xDB, 0x89, 0xA5, 0x81, 0x96, 0xBB, 0x62, 0x69, 0xB1, 0xBE, 0x78, 0xCB, 0xF5, 0x4B,
        0x8E, 0x3F, 0xCE, 0x74, 0x85, 0x27, 0x35, 0x4F, 0xAB, 0x82, 0x55, 0x07, 0x87, 0x6B, 0x2E, 0x7D,
        0x6E, 0x57, 0xBD, 0xF4, 0x6F, 0xC8, 0x5C, 0xAB, 0x43, 0xDD, 0xC5, 0x10, 0xDA, 0x87, 0xA3, 0x3C,
        0x6E, 0x04, 0xF7, 0x3E, 0xE5, 0x17, 0x00, 0x9B, 0xF3, 0xD4, 0x66, 0xB8, 0xF0, 0x4D, 0x45, 0x04,
        0xCC, 0x5B, 0x66, 0x55, 0x93, 0x17, 0x46, 0x74, 0x3A, 0x87, 0xD3, 0xDA, 0x7A, 0x84, 0x68, 0x4E,
        0x7B, 0xD9, 0x4D, 0xE1, 0x7B, 0xCD, 0x98, 0xA1, 0x9B, 0xD7, 0x90, 0xAE, 0x79, 0x6C, 0xF4, 0x9B,
        0x3B, 0x3B, 0x9A, 0xA2, 0x77, 0xBF, 0xAC, 0x00, 0xBA, 0x4B, 0x8D, 0x43, 0xA8, 0xA4, 0xDF, 0x1E,
        0x6A, 0x3C, 0xDD, 0x75, 0xBE, 0x74, 0xC8, 0x53, 0x77, 0xD2, 0xAC, 0x12, 0xC6, 0x11, 0xBD, 0xF7,
        0xC9, 0xA4, 0x7B, 0x17, 0xDA, 0xC7, 0x65, 0x9F, 0x39, 0x7D, 0x29, 0xC6, 0xB5, 0x61, 0x59, 0x35,
        0x7F, 0xDD, 0xE9, 0xEE, 0x02, 0xAE, 0x15, 0x20, 0x24, 0xEB, 0x39, 0x0A, 0x2B, 0x0E, 0xAE, 0x0F,
        0x0F, 0x2A, 0x2B, 0x60, 0x68, 0xC8, 0x39, 0x79, 0x9F, 0x62, 0x95, 0x9B, 0x62, 0xEC, 0x64, 0x8F,
        0xBE, 0x06, 0x0E, 0x83, 0x01, 0x6C, 0x25, 0x51, 0x03, 0xF0, 0x88, 0x93, 0x0E, 0x70, 0x98, 0x70,
        0xC8, 0x9D, 0xE2, 0xC4, 0x36, 0x56, 0x37, 0xD5, 0xED, 0x80, 0x6E, 0xFD, 0xA9, 0x34, 0x63, 0xE3,
        0xE3, 0xE0, 0x01, 0x7E, 0x44, 0xA7, 0xA5, 0x8E, 0xF3, 0x33, 0x82, 0x64, 0x74, 0x37, 0x57, 0x40,
        0xA5, 0xC9, 0xD1, 0x7B, 0xB0, 0xAE, 0xB6, 0x95, 0x7D, 0x38, 0xB8, 0xFF, 0x35, 0x7A, 0x18, 0xC8,
        0x82, 0x9E, 0x54, 0xAD, 0x9F, 0xD8, 0x5D, 0x03, 0xB0, 0x3E, 0x3E, 0x7F, 0x7F, 0xF4, 0x89, 0x0A,
        0x3D, 0x87, 0x9B, 0xDA, 0xA9, 0xFA, 0x99, 0x72, 0x85, 0x53, 0x44, 0x8F, 0x6C, 0x8C, 0xC3, 0x1B,
        0x14, 0x65, 0xBA, 0xB9, 0x96, 0xF8, 0xBF, 0x0E, 0x64, 0x13, 0x69, 0x38, 0x15, 0x45, 0xD1, 0x85,
        0xE7, 0x35, 0xA3, 0x65, 0x2C, 0xF0, 0xDE, 0x12, 0x8C, 0x55, 0x67, 0xDE, 0xE5, 0xC6, 0xC4, 0xA0,
        0xAE, 0x9B, 0xB1, 0x4F, 0xC6, 0x89, 0x2D, 0x5A, 0xCC, 0x33, 0xCE, 0xAD, 0x75, 0xB0, 0x75, 0x58,
        0x8C, 0x23, 0x32, 0xFD, 0xA5, 0x8F, 0xC6, 0x32, 0x1D, 0xA2, 0x5F, 0xAF, 0xE8, 0x04, 0x4D, 0xA8,
        0x22, 0x4D, 0x02, 0x28, 0xBE, 0x08, 0xBD, 0xC3, 0xD5, 0x83, 0xFE, 0x8F, 0x4F, 0xEF, 0xEB, 0x7D,
        0xE7, 0xBE, 0x3F, 0xDE, 0xAC, 0x00, 0x5B, 0x14, 0x6C, 0xCD, 0x8A, 0x49, 0x78, 0xC2, 0xC1, 0x1A,
        0x7E, 0x9F, 0xAB, 0x9A, 0x7A, 0x33, 0xD3, 0x2F, 0xE2, 0x91, 0xB8, 0xEA, 0x08, 0x8F, 0x81, 0x7D,
        0x10, 0x12, 0x8B, 0x1D, 0x78, 0xE6, 0xA4, 0x6A, 0x3D, 0xEA, 0x9D, 0x0D, 0x6D, 0xE3, 0x11, 0xE9,
        0xEC, 0x6F, 0x9D, 0x75, 0x78, 0x65, 0x6E, 0xD5, 0x13, 0x46, 0x33, 0xB9, 0xAE, 0xA7, 0x33, 0x36,
        0xA8, 0xB1, 0x23, 0xE4, 0x23, 0xE0, 0x4A, 0xCF, 0x0E, 0xCD, 0x05, 0xE7, 0x71, 0xE4, 0xD6, 0xC0,
        0x48, 0x91, 0x3E, 0x27, 0x40, 0x4D, 0xC2, 0x70, 0xC2, 0x63, 0xC1, 0xAD, 0xFC, 0xA5, 0xF1, 0x93,
        0xCE, 0x8E, 0x71, 0x4A, 0x44, 0xBE, 0x51, 0x22, 0xFD, 0xCC, 0x95, 0x44, 0x3C, 0xBC, 0xEE, 0x92,
        0xAC, 0xAC, 0x2A, 0xE9, 0x52, 0xE9, 0x52, 0xB3, 0x38, 0x6F, 0x5E, 0x9E, 0x71, 0x27, 0x39, 0xB4,
        0x9D, 0xC9, 0x1F, 0x26, 0xBF, 0x49, 0x96, 0x6C, 0x9F, 0xE0, 0x6C, 0xC4, 0x35, 0xF5, 0x9F, 0xFF,
        0x0B, 0xFE, 0xE0, 0xEE, 0x4B, 0x4B, 0x56, 0x90, 0x8A, 0xF9, 0xFA, 0x64, 0x25, 0x69, 0xBB, 0xD8,
        0x72, 0x6E, 0x7E, 0xF7, 0x86, 0x90, 0xA8, 0x69, 0x05, 0xFF, 0xE9, 0x11, 0x1D, 0xFA, 0xFB, 0x11,
        0x70, 0x8D, 0xDB, 0x05, 0x46, 0xFB, 0x7A, 0x30, 0xF4, 0xFB, 0x93, 0x15, 0x35, 0x6C, 0x97, 0xED,
        0x95, 0xB7, 0x29, 0xB8, 0x7D, 0xF1, 0xF7, 0xE1, 0x5F, 0x2B, 0x9D, 0xC8, 0x1A, 0x49, 0x0B, 0xC1,
        0x8F, 0x29, 0x59, 0x70, 0x00, 0x25, 0xF4, 0xE2, 0x24, 0x36, 0x2C, 0x3C, 0xDC, 0xCA, 0x62, 0xF8,
        0x2A, 0x6F, 0x4A, 0x1C, 0x18, 0x5A, 0x7F, 0xBE, 0x62, 0x2B, 0x04, 0xE1, 0x04, 0xE9, 0x1F, 0x2D,
        0xF6, 0xEE, 0x6F, 0x19, 0x4F, 0x1F, 0x42, 0x39, 0xDE, 0x1D, 0x1B, 0x61, 0x39, 0x6B, 0x22, 0x25,
        0x00, 0x18, 0x3B, 0x50, 0x60, 0xC8, 0x68, 0xCB, 0xF2, 0xD9, 0xAD, 0x27, 0x55, 0x51, 0x6B, 0x9E,
        0x2F, 0xF8, 0xF9, 0x09, 0x7F, 0x3D, 0x78, 0x5D, 0xDD, 0x3E, 0xDC, 0x77, 0x83, 0x36, 0x8D, 0xB6,
        0x19, 0x8D, 0xA3, 0xEF, 0xC7, 0xFF, 0x8F, 0xC6, 0xD7, 0x17, 0x04, 0xA8, 0x01, 0xDF, 0x4C, 0xA0,
        0xE3, 0xB6, 0x85, 0x66, 0x07, 0xC5, 0xAF, 0x48, 0x28, 0xA5, 0x44, 0xAB, 0x0C, 0xFE, 0x35, 0x1E,
        0xBB, 0x10, 0x1C, 0x0B, 0xBD, 0x40, 0xBB, 0xDC, 0xD2, 0xE0, 0x8D, 0xD8, 0xD7, 0xB9, 0x92, 0x92,
        0xB6, 0x6D, 0xCF, 0xB5, 0xA0, 0xEA, 0x78, 0xD5, 0xAF, 0x54, 0x80, 0x89, 0x85, 0x76, 0x2F, 0x23,
        0xBB, 0xC6, 0x3F, 0xE7, 0xEA, 0x13, 0x77, 0xCD, 0x41, 0x26, 0xDF, 0x5A, 0x4D, 0x28, 0x75, 0x97,
        0xD2, 0xA6, 0xBE, 0xDC, 0x9D, 0x6D, 0x76, 0xD8, 0x6C, 0x2E, 0xAC, 0x1A, 0x24, 0x22, 0xC5, 0xF8,
        0x77, 0xC0, 0x8C, 0x7B, 0xA8, 0x5F, 0x0A, 0xFB, 0x15, 0x9C, 0x09, 0x48, 0xF8, 0xC6, 0x17, 0x38,
        0x1D, 0xC3, 0xA1, 0xEE, 0x8B, 0xDC, 0x80, 0x72, 0xFE, 0xEC, 0xBE, 0x49, 0xE2, 0x16, 0x8E, 0x62,
        0xAE, 0x66, 0x97, 0xDB, 0x5B, 0x1E, 0x7F, 0x3A, 0x11, 0x30, 0xDD, 0x92, 0x06, 0xB3, 0x57, 0x27,
        0x0A, 0xD3, 0x32, 0xF4, 0x63, 0x17, 0xC9, 0x20, 0x83, 0x1A, 0xF1, 0x7F, 0x26, 0x98, 0xD2, 0x2C,
        0x85, 0x2D, 0x6A, 0xC9, 0xF6, 0x66, 0x04, 0x57, 0x32, 0x00, 0x79, 0x75, 0xD6, 0x91, 0xD3, 0xA0,
        0x9B, 0x28, 0xCF, 0xE3, 0x48, 0xE4, 0x81, 0x38, 0xC1, 0x2B, 0x96, 0x9F, 0xDB, 0x88, 0xEC, 0xB5,
        0xCE, 0x70, 0xB3, 0xD3, 0x2A, 0x27, 0xD4, 0xBB, 0x21, 0x9A, 0x0E, 0x10, 0x9D, 0x1C, 0x84, 0x04,
        0xA6, 0x42, 0x0E, 0x95, 0x26, 0xE2, 0x10, 0x3F, 0xE8, 0x4D, 0x7F, 0xA2, 0x52, 0x2D, 0x98, 0x8E,
        0xC2, 0xB2, 0xE2, 0xDA, 0xDB, 0xA1, 0xA5, 0x7F, 0x5A, 0x19, 0x68, 0x51, 0xDD, 0xB3, 0x2E, 0x57,
        0x94, 0x92, 0x56, 0x58, 0xBD, 0x64, 0x80, 0x17, 0x1E, 0x3C, 0x3D, 0x23, 0x7C, 0x06, 0x59, 0x64,
        0x83, 0x84, 0xAE, 0x6E, 0x6F, 0xC8, 0xE7, 0x3C, 0xA5, 0x89, 0x1E, 0xF3, 0x9D, 0xBE, 0x7E, 0x0F,
        0x8C, 0x62, 0xFF, 0xAC, 0xD2, 0xB7, 0x95, 0x9A, 0x6C, 0x45, 0x4B, 0x3F, 0xC3, 0xD3, 0x69, 0x8B,
        0x03, 0xE3, 0xDC, 0x9F, 0x2B, 0xA4, 0xF7, 0x6B, 0xAB, 0x05, 0xA3, 0xBD, 0x4B, 0x11, 0x0F, 0x42,
        0x50, 0x12, 0x70, 0xA8, 0xA3, 0x9B, 0xD5, 0xF3, 0x52, 0x4D, 0xE6, 0xDF, 0x97, 0x05, 0x96, 0xDA,
        0x74, 0x46, 0x6B, 0x73, 0x6B, 0xEB, 0xBC, 0xBF, 0x7A, 0xB6, 0x7D, 0x14, 0xCB, 0x82, 0x31, 0x52,
        0x11, 0xB8, 0x6B, 0xEF, 0x21, 0xF8, 0x3D, 0x11, 0xD9, 0xEE, 0xF0, 0x5B, 0xBB, 0x2F, 0xBC, 0x51,
        0x1A, 0x34, 0x36, 0x9E, 0xD4, 0x10, 0xD6, 0x7E, 0x39, 0xE6, 0x37, 0xFF, 0x66, 0x33, 0xF4, 0x45,
        0x8D, 0x16, 0x90, 0x24, 0xCA, 0x75, 0xD6, 0x43, 0x94, 0x8E, 0x47, 0xE4, 0x0D, 0xC6, 0xC4, 0x08,
        0xE6, 0xAD, 0x84, 0x4D, 0x56, 0xF6, 0x74, 0xA4, 0x2A, 0x52, 0x88, 0x97, 0x86, 0x4B, 0xF9, 0xFE,
        0x49, 0x8F, 0x11, 0x46, 0xDB, 0x28, 0x54, 0x5B, 0xE3, 0x3B, 0xFA, 0xE1, 0xB3, 0xE9, 0x14, 0xB1,
        0xC9, 0xDE, 0x9A, 0x56, 0xF3, 0x9A, 0x54, 0x95, 0xBE, 0xAF, 0x48, 0x7B, 0x4D, 0x68, 0x6A, 0xB8,
        0xBE, 0xCF, 0x22, 0xBC, 0xA7, 0x4D, 0x80, 0x65, 0xA7, 0xC0, 0x71, 0xA7, 0x2F, 0x45, 0x2C, 0xD4,
        0x59, 0xEF, 0x15, 0xBA, 0x04, 0x50, 0xD7, 0x1F, 0x8B, 0xBB, 0x38, 0x9D, 0xD5, 0x8C, 0xD0, 0x7D,
        0xBD, 0x6C, 0xCE, 0x34, 0xB7, 0x26, 0x91, 0x20, 0xED, 0x17, 0xE2, 0xCB, 0x66, 0xBA, 0x9D, 0xE1,
        0x00, 0xA3, 0x45, 0xFB, 0x4A, 0x1C, 0x10, 0x71, 0x97, 0x6D, 0x0F, 0x35, 0xD3, 0x91, 0x8F, 0xB5,
        0x04, 0xB4, 0xAC, 0x35, 0x3A, 0x39, 0x73, 0x29, 0x29, 0x1F, 0xE1, 0x73, 0xA2, 0xAD, 0x98, 0x4F,
        0x59, 0x60, 0x6E, 0x46, 0x20, 0x7F, 0x53, 0xFF, 0x48, 0x52, 0xFB, 0x65, 0x38, 0x82, 0xDB, 0x22,
        0x02, 0xB7, 0xE6, 0x6C, 0xF6, 0x21, 0xEA, 0xD9, 0xA4, 0x77, 0x54, 0x59, 0x80, 0xD7, 0x83, 0x62,
        0x0F, 0xDF, 0xC2, 0x6B, 0xF0, 0x1E, 0x12, 0xD8, 0xA7, 0x63, 0x28, 0x09, 0x93, 0x49, 0x6F, 0xB3,
        0xFA, 0x1C, 0xB6, 0x0A, 0x0B, 0x51, 0x5F, 0x2C, 0x5F, 0xBD, 0xE4, 0x88, 0xD3, 0x45, 0x03, 0xB2,
        0x58, 0xC3, 0x16, 0x46, 0x70, 0x25, 0xE8, 0x5A, 0x90, 0x13, 0x13, 0xDD, 0x1D, 0xBF, 0xDE, 0xDD,
        0x62, 0xD7, 0xD8, 0xB4, 0x94, 0xF9, 0xFC, 0x90, 0xC2, 0xD2, 0x10, 0x48, 0xE1, 0x48, 0x2D, 0x02,
        0x1F, 0xDF, 0x8A, 0x64, 0x0C, 0xF6, 0x8C, 0xE5, 0x9E, 0x42, 0x91, 0x8B, 0x79, 0x28, 0x1E, 0xE2,
        0x0D, 0x64, 0x0F, 0x03, 0xD5, 0xB3, 0x3B, 0x5D, 0x33, 0xF1, 0xB6, 0xDA, 0x31, 0xDF, 0xF7, 0x60,
        0xFA, 0xCD, 0x06, 0xD4, 0x36, 0xEB, 0x45, 0xA3, 0x09, 0x9E, 0xF6, 0x7E, 0x99, 0xC2, 0x90, 0x3B,
        0x26, 0x83, 0x9E, 0x1B, 0x17, 0x8F, 0x9B, 0x95, 0x91, 0x00, 0xAF, 0xD9, 0x39, 0xBC, 0x22, 0xB6,
        0x19, 0x8B, 0xE1, 0x7C, 0x2F, 0x32, 0x99, 0xD9, 0x1D, 0xA3, 0xAE, 0xED, 0xAE, 0xCC, 0x30, 0x81,
        0x66, 0xA8, 0x3E, 0x1D, 0x0E, 0xC9, 0x7C, 0x34, 0xC9, 0x6E, 0x2D, 0x61, 0xA4, 0x2C, 0x65, 0x27,
        0x74, 0x29, 0xA2, 0x00, 0xA0, 0xF0, 0x45, 0x20, 0x46, 0xB0, 0x1C, 0xF2, 0x8E, 0xE3, 0xE9, 0xE7,
        0x1D, 0x11, 0xC7, 0xEB, 0xA6, 0x86, 0x86, 0xA7, 0xD9, 0x36, 0xA5, 0x1E, 0x7E, 0xF5, 0x82, 0xA2,
        0xED, 0x6E, 0x87, 0x79, 0xB6, 0x49, 0x67, 0x74, 0x14, 0xBF, 0x22, 0x6D, 0x56, 0xED, 0x77, 0x76,
        0x9D, 0x46, 0xD8, 0xA5, 0x62, 0x0D, 0xD5, 0x84, 0xF5, 0x23, 0x0B, 0x13, 0x1C, 0x9E, 0xEB, 0x30,
        0x48, 0x29, 0xF7, 0x81, 0x36, 0xB5, 0x18, 0x21, 0xA2, 0x0A, 0x94, 0xB6, 0x55, 0xE5, 0x03, 0xAD,
        0x67, 0xD9, 0x4C, 0xAD, 0x3D, 0xA9, 0x35, 0x16, 0xFC, 0x12, 0x99, 0x4B, 0x9B, 0x45, 0xB6, 0x4C,
        0x5C, 0xEE, 0xF1, 0x02, 0xBE, 0x00, 0x74, 0x04, 0xB7, 0xA4, 0x60, 0xBE, 0xC4, 0x51, 0x3D, 0x69,
        0x86, 0x29, 0x3B, 0x8F, 0xA0, 0x62, 0xC4, 0xDA, 0x05, 0xAB, 0x91, 0xF9, 0x83, 0x5E, 0x20, 0x34,
        0xF4, 0x8E, 0xC9, 0x35, 0x0E, 0x63, 0x62, 0xE2, 0xD6, 0xB3, 0x61, 0x59, 0x15, 0x7B, 0xA3, 0xD3,
        0xB5, 0x18, 0xD9, 0xCF, 0xB0, 0x05, 0x42, 0x5D, 0x4F, 0x1B, 0x9A, 0xC6, 0x8D, 0xFB, 0xFB, 0x28,
        0xF5, 0x4E, 0x80, 0xDD, 0xBE, 0xF9, 0xBE, 0xCE, 0xBD, 0x72, 0x75, 0xBD, 0x04, 0x86, 0x23, 0x5E,
        0x97, 0x4F, 0xA9, 0x09, 0xFA, 0x5F, 0x5E, 0x0D, 0xD6, 0xC7, 0xD5, 0xBD, 0x28, 0x40, 0x68, 0xF0,
        0x06, 0x47, 0x66, 0x5F, 0x48, 0x96, 0x4D, 0x0D, 0x63, 0xC1, 0x2C, 0x80, 0xA0, 0x31, 0x42, 0xD3,
        0x3A, 0x8E, 0xCA, 0x90, 0x1F, 0x68, 0x78, 0x34, 0xE0, 0xE8, 0x40, 0x67, 0xE2, 0x14, 0x86, 0xB2,
        0x7F, 0xD8, 0xCA, 0x3A, 0x3F, 0xFE, 0xAB, 0xF9, 0x6E, 0x4C, 0x63, 0x3B, 0x1F, 0x1A, 0x4A, 0x77,
        0xFE, 0xB4, 0xD4, 0xCB, 0xD3, 0x19, 0xFB, 0x4B, 0xFF, 0x9C, 0x9E, 0xD0, 0x7F, 0x8D, 0x68, 0x5A,
        0xD8, 0x9D, 0xFD, 0xB7, 0x6C, 0x77, 0x79, 0x1F, 0xFB, 0x1E, 0xA9, 0x7C, 0xC2, 0xBD, 0xC4, 0x33,
        0x6D, 0xE0, 0x94, 0xFA, 0xBE, 0x9F, 0xEA, 0x16, 0x8F, 0xDB, 0xA8, 0x34, 0x9E, 0xE1, 0xD4, 0x0F,
        0x60, 0x17, 0xF3, 0x11, 0x35, 0x2D, 0x1A, 0x9B, 0x21, 0xD8, 0x71, 0x1A, 0x90, 0xBC, 0xC7, 0xEC,
        0xF7, 0xB0, 0xF2, 0x1F, 0x28, 0xF4, 0xE7, 0xD0, 0x14, 0xFB, 0xA9, 0x26, 0xE9, 0xC3, 0x3F, 0x10,
        0x7C, 0x3C, 0xD6, 0x55, 0x2B, 0x3F, 0xEB, 0xA8, 0x85, 0x34, 0xBF, 0xC3, 0x14, 0x35, 0x92, 0x31,
        0x22, 0xC9, 0xFD, 0x6A, 0x34, 0x9C, 0x06, 0xE7, 0x3B, 0xF9, 0xC6, 0x47, 0x37, 0xDB, 0x6D, 0x50,
        0x3C, 0x25, 0xD6, 0x66, 0xE0, 0x6C, 0x40, 0xB6, 0x50, 0x1B, 0x45, 0x96, 0x10, 0x14, 0x4F, 0xFB,
        0xD5, 0xFA, 0xFF, 0x45, 0xF2, 0x72, 0xAC, 0x08, 0x4E, 0x8A, 0x6D, 0x6A, 0x45, 0xFF, 0xBE, 0x57,
        0x3C, 0x1A, 0xFE, 0x53, 0x40, 0xE1, 0x03, 0x88, 0x11, 0x98, 0x34, 0xC5, 0x5A, 0x78, 0xA9, 0x45,
        0xC4, 0xBF, 0x5A, 0x04, 0xC8, 0xF4, 0x38, 0xC3, 0xA1, 0x05, 0xBA, 0xCE, 0x90, 0x37, 0x6E, 0x10,
        0x2E, 0x41, 0x56, 0x75, 0xBE, 0x44, 0x96, 0xBE, 0x2F, 0x4D, 0xB8, 0xCF, 0xB1, 0x40, 0xE4, 0xC5,
        0xBB, 0x40, 0x14, 0x94, 0x22, 0x97, 0x29, 0xFB, 0x1B, 0xD0, 0x35, 0xFC, 0x65, 0x52, 0x19, 0x43,
        0xCB, 0x42, 0xC1, 0x42, 0x06, 0x16, 0xEA, 0x59, 0x41, 0x96, 0x61, 0xAD, 0x15, 0x99, 0xDB, 0xD4,
        0xB5, 0x07, 0x4C, 0x4F, 0x0A, 0xF2, 0x1D, 0x12, 0x60, 0x7C, 0xC7, 0x4D, 0xF5, 0x0C, 0x9F, 0xEE,
        0xC3, 0xE2, 0x2D, 0x3D, 0x3B, 0x32, 0xA9, 0xFE, 0xB2, 0xBA, 0xF8, 0x43, 0x0C, 0x76, 0xC0, 0xAE,
        0x9A, 0xC3, 0x2B, 0x97, 0x1A, 0x9F, 0x00, 0x6D, 0xBA, 0x65, 0xB7, 0x7E, 0x77, 0xC5, 0xE1, 0x06,
        0x62, 0xE2, 0x44, 0xC6, 0x9B, 0x5E, 0x35, 0x1F, 0x03, 0x49, 0x96, 0xFF, 0x55, 0x08, 0x32, 0xC1,
        0xF5, 0x10, 0xC8, 0x25, 0x30, 0x61, 0x9B, 0x5F, 0x2F, 0x85, 0xED, 0x81, 0xA8, 0x3E, 0xCE, 0xE2,
        0xF7, 0x65, 0xDC, 0xF1, 0x8F, 0x08, 0x9D, 0x49, 0xF1, 0x4A, 0x2C, 0x56, 0x4F, 0xC6, 0x62, 0x95,
        0x56, 0x40, 0xBA, 0x23, 0xF3, 0x86, 0xE8, 0xB4, 0x49, 0x0E, 0x7F, 0x1A, 0xD0, 0xAD, 0x0F, 0xC1,
        0x28, 0x67, 0x3B, 0x26, 0x9A, 0x74, 0x7E, 0xC4, 0x06, 0xE7, 0x5E, 0x02, 0xFC, 0x06, 0x91, 0xA3,
        0x32, 0xD1, 0x19, 0xF5, 0xD3, 0x2D, 0x65, 0x2B, 0x73, 0xCE, 0xD0, 0xBF, 0xFE, 0x93, 0x48, 0x32,
        0x5C, 0x36, 0xD6, 0x80, 0xD1, 0xEE, 0x0B, 0xB4, 0x92, 0x2A, 0xDC, 0x51, 0x09, 0xC5, 0x5B, 0xC5,
        0x15, 0x79, 0x3D, 0xBB, 0x50, 0x53, 0x6F, 0x01, 0xD1, 0xD8, 0x6E, 0xA4, 0x82, 0x98, 0x13, 0x38,
        0x39, 0xA3, 0x4E, 0x7F, 0x1D, 0x87, 0x45, 0xDA, 0xB7, 0x0E, 0x5B, 0xB7, 0xCF, 0x7D, 0x0D, 0x72,
        0x03, 0xC0, 0x59, 0x14, 0x57, 0x32, 0xC8, 0x56, 0xA6, 0xC1, 0x63, 0xDE, 0x18, 0x10, 0xDA, 0x09,
        0xC2, 0x30, 0xC2, 0xBC, 0x42, 0x39, 0xAB, 0x9D, 0x66, 0x14, 0xFD, 0xE2, 0xEB, 0xFC, 0x30, 0x85,
        0x49, 0x61, 0xF3, 0xD0, 0xD4, 0x1B, 0x4E, 0x6C, 0x47, 0x91, 0x13, 0x9C, 0xD7, 0x75, 0xAC, 0x66,
        0x7F, 0x44, 0x88, 0x1B, 0x27, 0xDA, 0xF7, 0x5E, 0xDE, 0xAD, 0x30, 0xF2, 0xF0, 0x01, 0x81, 0x6E,
        0x94, 0xA6, 0x29, 0xB8, 0xA7, 0x05, 0x68, 0x8A, 0x3F, 0xC0, 0xFC, 0xC7, 0x29, 0x4E, 0x13, 0x12,
        0xBC, 0xB8, 0x46, 0xF4, 0x74, 0xF4, 0xE0, 0x00, 0x52, 0xAD, 0x16, 0x19, 0x4C, 0x19, 0xF1, 0x2E,
        0x09, 0xE4, 0xB5, 0xCA, 0xC4, 0xC0, 0x03, 0x13, 0x44, 0xE1, 0x59, 0x91, 0xFB, 0x48, 0x5B, 0xCF,
        0x02, 0xC9, 0x2F, 0x68, 0xE6, 0xC8, 0x40, 0xC1, 0x17, 0x1F, 0x9D, 0xA0, 0xF8, 0xE1, 0x6F, 0xBF,
        0xCB, 0xC8, 0xF1, 0x96, 0xD6, 0x8F, 0xE6, 0xAF, 0xFA, 0x85, 0xD2, 0x98, 0x86, 0xEC, 0x6C, 0xA2,
        0x18, 0x0D, 0xD7, 0x6A, 0x04, 0x32, 0x8D, 0x5E, 0xF7, 0x5B, 0xF4, 0x52, 0x49, 0xB0, 0x07, 0x16,
        0xF3, 0x10, 0x7D, 0x06, 0xD0, 0x3F, 0xBE, 0xA7, 0x3E, 0x20, 0x3C, 0xEC, 0x1E, 0x60, 0x45, 0x5F,
        0xA0, 0x0B, 0xA9, 0x5C, 0xAE, 0x12, 0x99, 0x80, 0x8C, 0x15, 0x92, 0x7C, 0xB0, 0xB1, 0xF6, 0x00,
        0x7A, 0x2E, 0x26, 0x66, 0xDD, 0xEA, 0xF6, 0x17, 0x2D, 0xC8, 0x92, 0x74, 0x3A, 0x3B, 0x19, 0x49,
        0x71, 0xD5, 0x65, 0xB5, 0x60, 0xE1, 0x0D, 0x4A, 0x66, 0xCE, 0xFA, 0x4F, 0xDC, 0xA7, 0x60, 0x76,
        0x3F, 0x54, 0x10, 0xA2, 0xC0, 0xBE, 0x19, 0x52, 0xEE, 0xB8, 0x54, 0x0C, 0x96, 0xE0, 0xCB, 0xC1,
        0x1C, 0x9F, 0x10, 0x0A, 0xAC, 0xAB, 0xCF, 0x06, 0xD7, 0x75, 0xBF, 0x83, 0x3F, 0xC3, 0xAF, 0xA8,
        0x8F, 0xBA, 0x2D, 0xDF, 0xB4, 0x38, 0x9C, 0x21, 0x2C, 0xA3, 0x12, 0x14, 0xC5, 0xD4, 0x9E, 0x87,
        0x4E, 0x18, 0x93, 0x2D, 0x09, 0x2C, 0xF6, 0xC6, 0x1E, 0x61, 0x6D, 0x28, 0x3C, 0x19, 0x44, 0x53,
        0xB7, 0x06, 0x4B, 0x2D, 0xFE, 0x5A, 0x0F, 0xD3, 0xBE, 0x7B, 0x30, 0xE0, 0xED, 0xD1, 0xFC, 0xA9,
        0xF7, 0xB9, 0xD7, 0x7B, 0x00, 0xA3, 0x4A, 0x5D, 0x63, 0x27, 0xB9, 0x48, 0x9B, 0x5F, 0xFE, 0xE5,
        0xF3, 0xB5, 0xB0, 0x9C, 0xA6, 0x8D, 0x6C, 0x22, 0xBA, 0x4E, 0x91, 0xFF, 0x81, 0x6A, 0x6B, 0xC9,
        0x38, 0x51, 0xEC, 0x6A, 0x6C, 0xFA, 0x98, 0x62, 0x49, 0x9C, 0x41, 0x95, 0x0D, 0x07, 0x8F, 0x9B,
        0xC1, 0x03, 0xF6, 0x44, 0x74, 0x14, 0x55, 0xA7, 0x96, 0x64, 0xF4, 0xAB, 0x82, 0x76, 0x27, 0xA3,
        0x14, 0x50, 0x2B, 0x8D, 0x43, 0xFC, 0xD7, 0xAA, 0x47, 0x56, 0x04, 0x89, 0x49, 0x7C, 0xF8, 0x69,
        0xFE, 0x0D, 0x0F, 0x27, 0x37, 0xE7, 0x63, 0x50, 0x20, 0x0C, 0x98, 0x98, 0xFA, 0xD6, 0x28, 0xBB,
        0xD7, 0xF7, 0x97, 0x5D, 0xAE, 0x29, 0x95, 0x0C, 0xD5, 0x92, 0xAC, 0x81, 0x7C, 0xDA, 0xE9, 0x06,
        0x86, 0x60, 0xB7, 0xD1, 0x7B, 0x0F, 0xD7, 0xF6, 0x07, 0xA1, 0xD9, 0x45, 0x8C, 0xC9, 0x23, 0xEE,
        0x48, 0x2A, 0x1C, 0xEA, 0x90, 0x30, 0x87, 0x9C, 0x84, 0x62, 0xFB, 0x6C, 0xEF, 0x18, 0xBB, 0x9D,
        0xD6, 0x3E, 0x58, 0xE4, 0x17, 0xBD, 0x1D, 0xFE, 0x5C, 0x2F, 0xF0, 0xFD, 0x63, 0x3B, 0x0B, 0x2F,
        0xFA, 0x2D, 0xE7, 0x22, 0xDB, 0x2B, 0x8A, 0x54, 0x52, 0x6C, 0x9D, 0x5F, 0xA1, 0xDD, 0xF0, 0x3F,
        0x0A, 0xF4, 0x17, 0x53, 0xA5, 0x2C, 0x8E, 0x45, 0xD6, 0x4E, 0x45, 0x58, 0x35, 0x14, 0x3C, 0x6B,
        0x72, 0xA1, 0xE1, 0x64, 0xBD, 0x6C, 0x5F, 0x9A, 0xF9, 0xDB, 0xC4, 0xE2, 0x84, 0xF4, 0x04, 0xEF,
        0xF5, 0xBC, 0xF2, 0x74, 0xDD, 0x1A, 0x28, 0x95, 0x6F, 0x6D, 0x66, 0x6E, 0x28, 0x0F, 0xB1, 0x12,
        0x67, 0xD0, 0x11, 0x56, 0x67, 0x1E, 0xD9, 0x02, 0x55, 0xF8, 0x62, 0x72, 0x90, 0x0C, 0x6C, 0xB5,
        0xD6, 0x13, 0x66, 0x9C, 0x78, 0xC9, 0x93, 0x7B, 0x6F, 0x73, 0x6C, 0x41, 0xEF, 0x6B, 0x88, 0xE6,
        0x8E, 0xEC, 0x68, 0xA1, 0x93, 0x6E, 0x8A, 0x1E, 0x4B, 0xF5, 0x17, 0x99, 0xEE, 0xCF, 0x7B, 0x8A,
        0x1C, 0x62, 0x26, 0xB3, 0x6A, 0x39, 0x90, 0x5D, 0xB0, 0x0F, 0xF8, 0x39, 0x08, 0x6E, 0xA6, 0x8D,
        0xDD, 0x68, 0xB4, 0x59, 0x14, 0x34, 0x20, 0xE7, 0x07, 0x54, 0x37, 0xEC, 0xF6, 0x83, 0x3D, 0xC9,
        0x36, 0x5F, 0x7A, 0xA6, 0xD3, 0xBA, 0x53, 0xC2, 0x54, 0xD8, 0xD6, 0x35, 0x09, 0xA9, 0xC3, 0x45,
        0xE7, 0x05, 0x5A, 0x41, 0x6B, 0xF3, 0x19, 0xFC, 0xA2, 0xB1, 0xC6, 0x8D, 0x92, 0x50, 0x24, 0xBA,
        0x62, 0xA0, 0x3E, 0x13, 0x55, 0xC4, 0x19, 0xB1, 0x3A, 0xE5, 0x71, 0x4D, 0x81, 0xCE, 0xBB, 0x08,
        0x26, 0xDE, 0x01, 0x4D, 0xB4, 0xDB, 0x89, 0x6B, 0x6F, 0xF0, 0x6F, 0xA4, 0x8F, 0x09, 0x98, 0x70,
        0xEB, 0x0B, 0xF1, 0x77, 0xB0, 0xDE, 0x69, 0x8B, 0xC2, 0xA7, 0x98, 0x27, 0x7F, 0xB0, 0x0A, 0x76,
        0x95, 0xD6, 0xF0, 0x7D, 0x1C, 0xD7, 0xB8, 0xD2, 0x48, 0x87, 0x46, 0xB6, 0xAD, 0x9E, 0x6B, 0x99,
        0xAC, 0x6A, 0xFF, 0x1A, 0x8E, 0xF5, 0x9E, 0x5C, 0xC9, 0x36, 0x9D, 0x79, 0xC4, 0x9D, 0xC3, 0xA2,
        0x45, 0xF2, 0x0A, 0x38, 0xAE, 0xD3, 0x59, 0x16, 0x66, 0x00, 0xB8, 0xD4, 0x13, 0xEE, 0x6B, 0xC8,
        0xD8, 0xFF, 0x0A, 0x78, 0x91, 0x1F, 0xD3, 0x0A, 0xDF, 0x30, 0x5B, 0x62, 0x4F, 0x8C, 0x6A, 0xD4,
        0xD4, 0xB4, 0x9D, 0xAA, 0xC6, 0x97, 0xE9, 0xCD, 0x8A, 0x1F, 0x54, 0x42, 0x46, 0x96, 0xCC, 0x4D,
        0x66, 0xE2, 0xE5, 0x57, 0x3D, 0x1F, 0x07, 0x83, 0xB5, 0x8C, 0x0B, 0x00, 0xC8, 0x74, 0xEA, 0xC6,
        0x2F, 0x9B, 0x91, 0x0B, 0x60, 0xE1, 0x95, 0x3C, 0xDA, 0x6B, 0xCA, 0x91, 0xE6, 0xC6, 0x02, 0x8A,
        0xC0, 0xFC, 0xBC, 0x62, 0x7C, 0x8F, 0x03, 0x6D, 0xBE, 0x93, 0x97, 0xA1, 0x81, 0xB7, 0x85, 0x19,
        0xEF, 0x6E, 0x8D, 0xD1, 0x7B, 0x4E, 0x3A, 0xC7, 0x12, 0x74, 0xB9, 0x23, 0xBB, 0x15, 0x3B, 0xDA,
        0xEB, 0x9D, 0x4B, 0x9F, 0xFA, 0xAA, 0xB6, 0x38, 0x14, 0x44, 0x30, 0x01, 0x36, 0x8D, 0x49, 0x1A,
        0xEE, 0xF4, 0x71, 0x89, 0x54, 0x80, 0xED, 0x2D, 0x5E, 0xE7, 0xDD, 0x15, 0x4D, 0x75, 0x2D, 0x07,
        0xDE, 0xE3, 0x26, 0x02, 0xC3, 0x5F, 0x47, 0x19, 0xD1, 0xDB, 0x38, 0xC4, 0x05, 0x6A, 0x56, 0xF2,
        0x58, 0xB1, 0x56, 0x00, 0x87, 0xEE, 0x02, 0x90, 0x64, 0xCD, 0x6B, 0x09, 0x29, 0x5B, 0xC0, 0x41,
        0x4B, 0x22, 0xE5, 0x1C, 0x75, 0x21, 0x9E, 0x33, 0x3E, 0x59, 0x2B, 0xD3, 0x13, 0x58, 0xD4, 0xBB,
        0x78, 0x7B, 0xD1, 0x8E, 0x96, 0x98, 0x06, 0x5D, 0x70, 0x5E, 0xB4, 0xD8, 0x29, 0x22, 0x0E, 0xB8,
        0xF8, 0x7F, 0x91, 0x36, 0x91, 0xA2, 0x33, 0x73, 0x02, 0xE4, 0xAF, 0x89, 0x6E, 0xF9, 0x10, 0x22,
        0xDB, 0xCE, 0x7C, 0x80, 0x34, 0xD1, 0x62, 0xF9, 0xD7, 0x89, 0x45, 0x3C, 0xBA, 0x17, 0x3C, 0x25,
        0x56, 0x35, 0x0C, 0xBD, 0xA0, 0xF8, 0x71, 0xE0, 0xEE, 0x43, 0x09, 0x50, 0xD8, 0x2B, 0x7B, 0x96,
        0x9A, 0x78, 0x24, 0xC2, 0x70, 0xC3, 0xF9, 0xC3, 0x2A, 0x15, 0x91, 0xEB, 0x1A, 0xD8, 0x34, 0xE3,
        0x6F, 0x19, 0x08, 0x67, 0x25, 0x5C, 0x77, 0xDF, 0xBA, 0x2F, 0x09, 0xDC, 0xB2, 0xF7, 0xB0, 0xFB,
        0x98, 0xC8, 0xB4, 0x8E, 0xE2, 0xF0, 0xB2, 0x64, 0x97, 0xDB, 0x9F, 0xFD, 0xAC, 0x8B, 0x18, 0x5F,
        0x24, 0x7E, 0xA8, 0xEF, 0x41, 0x74, 0x56, 0x26, 0xFB, 0xBE, 0x02, 0x8F, 0x8A, 0xFF, 0x42, 0xE4,
        0xC4, 0x00, 0x2F, 0xF8, 0xBD, 0xA5, 0xA9, 0xEC, 0xF8, 0x8D, 0xDC, 0x0D, 0x04, 0x08, 0x35, 0x22,
        0xAA, 0x77, 0x37, 0xF7, 0xF3, 0x31, 0x85, 0xBA, 0x4D, 0xD2, 0x90, 0x3E, 0x70, 0xF8, 0xC7, 0x95,
        0x2B, 0xF2, 0x93, 0xF6, 0x10, 0xB7, 0x3D, 0x53, 0xF9, 0xD6, 0xBD, 0x5C, 0xD0, 0xAD, 0x4D, 0x80,
        0x71, 0x89, 0x38, 0x3B, 0x57, 0x41, 0xA2, 0x19, 0xA3, 0xB4, 0xE7, 0xEE, 0xDC, 0x34, 0xC8, 0xD4,
        0xBF, 0x56, 0xD1, 0x02, 0x9E, 0xFF, 0xD1, 0xD1, 0xB5, 0xC9, 0xD5, 0x59, 0x22, 0xA1, 0xB2, 0x0F,
        0xF8, 0xDE, 0xA3, 0xBD, 0x50, 0xC9, 0xD1, 0x8C, 0x2F, 0xEB, 0xC2, 0x1F, 0x05, 0x14, 0x45, 0x96,
        0xF8, 0x48, 0x65, 0xA5, 0x9E, 0x1B, 0x1F, 0xBC, 0x64, 0xA7, 0xD1, 0x5E, 0xE3, 0xEA, 0x58, 0x28,
        0x38, 0x44, 0x0E, 0x8D, 0xEB, 0x08, 0x69, 0x8C, 0xB1, 0x58, 0x00, 0x37, 0xA5, 0x50, 0x66, 0xE8,
        0x8A, 0x78, 0x7D, 0x0B, 0xE9, 0x5A, 0x08, 0xAC, 0x10, 0x06, 0x10, 0x57, 0x53, 0x7F, 0xC4, 0x5E,
        0x95, 0x9A, 0x60, 0x4D, 0xB7, 0x41, 0xE1, 0x18, 0x0B, 0xF3, 0x04, 0x2D, 0x95, 0x11, 0x5A, 0x1A,
        0x80, 0x14, 0xFB, 0x14, 0x64, 0x1A, 0x59, 0xC6, 0xF4, 0x6F, 0x1C, 0x1A, 0x69, 0x06, 0xD5, 0x85,
        0x4C, 0x76, 0x7E, 0x0A, 0xE6, 0xA4, 0x77, 0xEF, 0x48, 0x99, 0x93, 0xC7, 0x8C, 0xA1, 0x86, 0x15,
        0x32, 0x9F, 0x85, 0x60, 0xF4, 0x4A, 0x4F, 0xD8, 0xB2, 0x40, 0x67, 0xB8, 0x39, 0xC2, 0x0C, 0x7E,
        0xE7, 0x13, 0x92, 0x02, 0x94, 0x69, 0x34, 0xB9, 0xEE, 0x8F, 0x66, 0xA3, 0x01, 0x51, 0xAE, 0xF6,
        0x55, 0x13, 0x6E, 0x65, 0x14, 0xA2, 0x29, 0x4F, 0x83, 0xC9, 0x8A, 0x52, 0x7B, 0x39, 0xE5, 0x4E,
        0xBF, 0x9E, 0xC3, 0x80, 0x35, 0x48, 0x23, 0xA1, 0xED, 0x29, 0xD3, 0xA5, 0x1A, 0xC1, 0x91, 0xA5,
        0x59, 0x58, 0x3D, 0xA1, 0x01, 0x05, 0x43, 0x3D, 0x2B, 0xD8, 0x17, 0xC6, 0x0B, 0x88, 0x85, 0x5F,
        0xD0, 0xB2, 0x69, 0xB2, 0x7A, 0x1F, 0xC9, 0x34, 0x6E, 0xBC, 0x68, 0x03, 0x4E, 0x43, 0xE6, 0xE6,
        0x03, 0xCA, 0x53, 0x30, 0x77, 0xDC, 0xDB, 0x01, 0x42, 0xB1, 0x41, 0x57, 0x23, 0xD1, 0xEE, 0x6E,
        0xF7, 0x4F, 0x8F, 0xAC, 0xD5, 0xDA, 0x6C, 0x2C, 0xE4, 0x4A, 0x6C, 0xF4, 0xC3, 0x83, 0x20, 0x39,
        0x52, 0x7F, 0x7E, 0x83, 0xE2, 0xED, 0x81, 0xB9, 0xE3, 0x84, 0xB5, 0x6A, 0x8A, 0x67, 0x70, 0xCD,
        0x57, 0x70, 0xF8, 0x97, 0x0F, 0x78, 0x01, 0x7C, 0xD7, 0x87, 0xCB, 0xC9, 0xAF, 0xA8, 0x36, 0x93,
        0xAB, 0xDF, 0x2C, 0x6C, 0x34, 0x82, 0x37, 0xF6, 0x62, 0x7A, 0x82, 0xCE, 0x34, 0x64, 0xA7, 0xB2,
        0x2E, 0x5D, 0x68, 0x43, 0x16, 0x62, 0x67, 0x78, 0x20, 0x31, 0x8E, 0xC8, 0xE7, 0x41, 0xCE, 0xFE,
        0x7F, 0x0F, 0xFC, 0x42, 0xAE, 0x4D, 0xFF, 0x2D, 0x9D, 0x20, 0xDB, 0x18, 0x1B, 0x3F, 0x25, 0xDC,
        0x50, 0xF3, 0x96, 0x81, 0x7D, 0x95, 0x66, 0x21, 0x7B, 0x94, 0x59, 0xCC, 0x61, 0xE8, 0xE6, 0x70,
        0x83, 0x43, 0x79, 0x2F, 0x13, 0x08, 0x8E, 0xE4, 0xAA, 0x00, 0xC8, 0xF4, 0x81, 0x26, 0x45, 0x01,
        0x01, 0xD3, 0x19, 0xB8, 0xA9, 0xA2, 0x23, 0xCC, 0x74, 0x2B, 0x11, 0x10, 0x71, 0x6F, 0xEE, 0x0E,
        0x17, 0xE2, 0xA9, 0x53, 0x71, 0xB3, 0x69, 0x1B, 0xDB, 0x29, 0x6C, 0x6D, 0x3E, 0x5B, 0x90, 0xE8,
        0x6F, 0xB7, 0x56, 0x42, 0x10, 0x31, 0x04, 0x14, 0xF1, 0xE4, 0x43, 0x63, 0xBB, 0xCF, 0x54, 0x58,
        0x16, 0x89, 0x38, 0xAF, 0x28, 0x4F, 0x3E, 0xE7, 0xBC, 0xA6, 0x27, 0xCA, 0x4C, 0x17, 0x2E, 0x34,
        0x4D, 0x71, 0xF3, 0x26, 0xF3, 0xF4, 0x7D, 0x71, 0x19, 0x33, 0x62, 0x19, 0x66, 0x20, 0x23, 0xA1,
        0x6E, 0xAE, 0xA4, 0x40, 0x8A, 0x81, 0xF3, 0xFD, 0x60, 0x5B, 0x45, 0xFC, 0x44, 0x0B, 0x1A, 0x22,
        0xE7, 0x09, 0xD7, 0x26, 0xBD, 0xB4, 0x19, 0xD1, 0xE2, 0x94, 0x9B, 0xF0, 0x31, 0x08, 0x35, 0x03,
        0xFC, 0x14, 0x80, 0xE3, 0x50, 0x6E, 0x47, 0x90, 0x02, 0xC5, 0xB9, 0x3B, 0x93, 0x06, 0x8B, 0x89,
        0x18, 0x57, 0xC4, 0x04, 0x98, 0x20, 0x21, 0xAA, 0xB7, 0xD8, 0x3E, 0xCF, 0x97, 0xAB, 0x56, 0xE4,
        0x5F, 0x28, 0x1D, 0x85, 0xB9, 0xB8, 0xEB, 0x33, 0xF8, 0x49, 0xDD, 0x79, 0x7C, 0x22, 0x67, 0x74,
        0x51, 0xDF, 0x96, 0x2E, 0x34, 0x95, 0xAE, 0x8C, 0x1A, 0x00, 0x96, 0x2A, 0x94, 0x0C, 0x4B, 0x81,
        0xE8, 0x69, 0x42, 0x9C, 0xD4, 0x41, 0x06, 0xE6, 0xBC, 0x8B, 0x16, 0x87, 0xE0, 0xC1, 0x12, 0xA5,
        0x02, 0x47, 0xB8, 0xE9, 0x90, 0x84, 0xFE, 0xE6, 0x55, 0xAF, 0x5F, 0x74, 0x2B, 0x09, 0x65, 0x4C,
        0x3F, 0x7E, 0x1A, 0xF6, 0xF0, 0xDE, 0x45, 0x65, 0xC7, 0xE5, 0x0E, 0x72, 0xB9, 0x4F, 0xE9, 0x09,
        0x46, 0x91, 0xF0, 0xE7, 0xD0, 0x95, 0x8F, 0xDE, 0x21, 0x59, 0xCC, 0x2E, 0xF8, 0x65, 0xAF, 0x77,
        0xC4, 0x86, 0x6A, 0x5E, 0x33, 0x4A, 0x1B, 0x8D, 0xA1, 0x4D, 0x0E, 0x17, 0x52, 0xD8, 0xF9, 0xA5,
        0xE8, 0x37, 0x92, 0x82, 0x38, 0x13, 0xC2, 0x15, 0xDA, 0xAB, 0x4F, 0x9A, 0xB8, 0x0C, 0xAF, 0xE6,
        0x99, 0xEC, 0xC4, 0xD2, 0x3C, 0x06, 0xC3, 0x50, 0x8A, 0x98, 0x63, 0x68, 0x9C, 0x71, 0xF4, 0x36,
        0x11, 0x85, 0x2C, 0x1C, 0xBE, 0xD5, 0xC3, 0xEE, 0x37, 0x55, 0x20, 0x08, 0x6B, 0x5C, 0xE9, 0x02,
        0x3D, 0x39, 0xC1, 0xBA, 0xF5, 0xA2, 0x24, 0x23, 0x1F, 0x21, 0x62, 0xF1, 0x7C, 0x34, 0x45, 0x90,
        0x1C, 0x24, 0x1A, 0xD1, 0xF9, 0xD8, 0x24, 0xF0, 0x1F, 0x85, 0x8E, 0xA0, 0x2C, 0xE7, 0x17, 0x26,
        0x64, 0x3B, 0xA2, 0xE6, 0x8A, 0x02, 0xF7, 0xD6, 0x47, 0x4C, 0x2C, 0x5C, 0x1D, 0x7A, 0xCC, 0x4A,
        0xB6, 0xB5, 0x6C, 0x39, 0x84, 0xDA, 0x04, 0x65, 0x65, 0x60, 0x47, 0xDB, 0x91, 0x3A, 0x1B, 0x09,
        0x41, 0x62, 0xF6, 0xAD, 0xE4, 0x65, 0xB6, 0x31, 0x50, 0x99, 0x5C, 0xE9, 0xD6, 0x26, 0xB8, 0xAA,
        0x58, 0xFA, 0xDD, 0xDD, 0x2C, 0x9E, 0x0D, 0x9F, 0x0A, 0x29, 0x61, 0xA9, 0x33, 0x90, 0xEC, 0x93,
        0xDF, 0x07, 0x5C, 0x10, 0xD0, 0x3C, 0x6E, 0x87, 0x18, 0xEB, 0x58, 0x34, 0xF9, 0x23, 0xA1, 0x64,
        0x5E, 0x94, 0x58, 0xE0, 0xE1, 0x14, 0x82, 0x39, 0xEE, 0xFE, 0xF9, 0x63, 0xD2, 0x01, 0x59, 0x69,
        0xD7, 0x02, 0x70, 0xF7, 0x3E, 0x02, 0x0C, 0x17, 0xCB, 0xA7, 0xAB, 0x49, 0x38, 0xE6, 0xDA, 0xF0,
        0x0C, 0x9C, 0xA0, 0xA4, 0xE8, 0x4B, 0x4B, 0x71, 0xC3, 0xBF, 0x27, 0x15, 0x3D, 0x88, 0x67, 0x3B,
        0x3F, 0x5A, 0x87, 0xF5, 0x5B, 0xB1, 0x56, 0xC6, 0x9D, 0x9D, 0x20, 0xCD, 0xAC, 0xB0, 0xAF, 0x9B,
        0x35, 0x68, 0x77, 0x29, 0x61, 0xAB, 0xD5, 0x88, 0x91, 0x8F, 0x71, 0xE3, 0x65, 0x37, 0x30, 0x98,
        0x0F, 0xF2, 0xE5, 0xAC, 0x59, 0xAD, 0xFF, 0x54, 0x17, 0xE0, 0x6B, 0xB3, 0xC3, 0x15, 0xBC, 0x9A,
        0x9B, 0x79, 0xA2, 0x3E, 0xA3, 0x7D, 0x57, 0x32, 0x09, 0x80, 0xA4, 0x78, 0x27, 0x14, 0x9C, 0xBB,
        0x7B, 0xCD, 0x24, 0x4B, 0xBA, 0x5E, 0xE5, 0x07, 0x02, 0xC3, 0xCD, 0x00, 0x3D, 0xF4, 0x9A, 0xF9,
        0xD2, 0x66, 0x3C, 0x1D, 0xC8, 0xE5, 0x2E, 0x1D, 0x4C, 0xF4, 0x0D, 0x8D, 0x60, 0x26, 0x94, 0x48,
        0x3C, 0x9F, 0x03, 0xD9, 0x37, 0x68, 0x6A, 0xE1, 0x29, 0x8B, 0xBA, 0x0C, 0x81, 0x6C, 0xD6, 0x71,
        0x9F, 0x4C, 0xB9, 0x47, 0x5B, 0xE8, 0x85, 0x8E, 0x0F, 0x1E, 0xFC, 0x5B, 0x5A, 0x6A, 0xE9, 0x02,
        0x3A, 0xFE, 0xF3, 0xED, 0xEA, 0xC1, 0x3F, 0x66, 0x03, 0x7B, 0x34, 0x2F, 0x79, 0x3C, 0x37, 0x81,
        0x25, 0x70, 0x98, 0x49, 0xFE, 0x6A, 0x8E, 0x56, 0xC0, 0xF2, 0x65, 0xCC, 0x53, 0x0D, 0x83, 0x26,
        0x61, 0x36, 0xE0, 0x5E, 0xA6, 0x4B, 0x64, 0xCC, 0x0F, 0xE8, 0xF1, 0x09, 0xCA, 0x2A, 0x24, 0x63,
        0xEE, 0xCB, 0x26, 0xF2, 0x39, 0x8A, 0x50, 0x26, 0xAE, 0x16, 0xD0, 0x1B, 0x57, 0x2E, 0x24, 0xA1,
        0xA1, 0x9B, 0x1F, 0x73, 0x39, 0x19, 0x5C, 0x31, 0xDD, 0x67, 0x2A, 0x39, 0x56, 0x7C, 0x36, 0x8A,
        0x95, 0xD1, 0x19, 0x09, 0x8D, 0x1D, 0x7E, 0x82, 0x0B, 0x06, 0x02, 0x9F, 0xB9, 0x16, 0xE3, 0x3B,
        0x88, 0x0D, 0x02, 0x55, 0xAF, 0x87, 0x78, 0x24, 0xE8, 0xCE, 0xE3, 0x01, 0xA0, 0x85, 0xA2, 0x8D,
        0x6E, 0x76, 0x18, 0x8B, 0xE6, 0xED, 0x04, 0xEE, 0xEB, 0x47, 0x65, 0xD7, 0x9E, 0x25, 0xD0, 0xD7,
        0x2A, 0x7A, 0xA8, 0xAA, 0xDE, 0x67, 0x9D, 0xE6, 0x2C, 0x69, 0x7F, 0x8A, 0xBE, 0x3A, 0x6B, 0x04,
        0x94, 0xA4, 0x14, 0x3A, 0x4B, 0x21, 0x76, 0x60, 0xF0, 0x95, 0x5F, 0x98, 0x76, 0x32, 0x95, 0x45,
        0xAF, 0x6B, 0x30, 0xDA, 0x6E, 0xC8, 0x4F, 0x0E, 0x2E, 0x69, 0xF7, 0xEE, 0xED, 0x9D, 0xB0, 0xB0,
        0xB2, 0xCC, 0x37, 0xCA, 0xE6, 0x0E, 0x6C, 0x5B, 0x6B, 0x65, 0x20, 0x20, 0xF1, 0x3F, 0x25, 0x2E,
        0x54, 0x14, 0xA7, 0x08, 0x24, 0xFF, 0x7E, 0x31, 0xFF, 0x34, 0xF9, 0x00, 0xEE, 0x2F, 0x47, 0x00,
        0xCA, 0x39, 0xA7, 0xB2, 0x12, 0xCF, 0x1F, 0xAC, 0x27, 0xBE, 0x61, 0xCB, 0xCC, 0x4F, 0xC8, 0xE7,
        0xED, 0x80, 0x66, 0xF2, 0x90, 0x94, 0xB4, 0xBC, 0x84, 0x2C, 0x01, 0x6A, 0x78, 0xEC, 0x76, 0xBB,
        0xE5, 0x3F, 0x64, 0x7C, 0x31, 0xD9, 0x41, 0x83, 0x33, 0x6A, 0xFB, 0xE9, 0x24, 0x80, 0xF0, 0xE5,
        0x16, 0x15, 0x0C, 0x64, 0x8D, 0x91, 0xD0, 0x09, 0x77, 0x5F, 0x4E, 0x59, 0x51, 0x1A, 0x55, 0xDC,
        0x4F, 0x77, 0xED, 0x19, 0x24, 0x4C, 0x56, 0x0C, 0x2E, 0xED, 0x0F, 0x4C, 0x21, 0x18, 0x15, 0x5B,
        0xA9, 0xA4, 0xC1, 0x76, 0x2A, 0xC3, 0xB8, 0x3B, 0xDB, 0xE3, 0x65, 0x20, 0xDF, 0x90, 0x9E, 0x09,
        0xA1, 0x7B, 0xB4, 0x40, 0xCA, 0x29, 0xBB, 0x54, 0x4D, 0x52, 0xE8, 0x59, 0x45, 0x27, 0x10, 0x25,
        0x59, 0x31, 0x29, 0x78, 0xE8, 0x1C, 0x76, 0xDF, 0x8B, 0x9A, 0xE6, 0x88, 0xA8, 0x13, 0x14, 0x5A,
        0xBC, 0xD7, 0x4B, 0x95, 0xEE, 0x96, 0x59, 0xDF, 0xEB, 0x38, 0xE0, 0x2D, 0x4A, 0x47, 0xF2, 0x42,
        0x18, 0x10, 0x7B, 0x59, 0x93, 0xB6, 0x14, 0x3D, 0x33, 0x66, 0x83, 0xF6, 0x98, 0xA3, 0x28, 0x11,
        0x49, 0x3E, 0xBB, 0xF7, 0x35, 0xAD, 0x3B, 0xC1, 0xBA, 0x4B, 0x9C, 0xB5, 0x3A, 0x1F, 0xE5, 0x7F,
        0x5A, 0x7A, 0x82, 0x1F, 0x47, 0xFE, 0x5D, 0x2C, 0xA7, 0x54, 0x4A, 0xA0, 0xE4, 0x2D, 0x72, 0x03,
        0x71, 0x29, 0xB4, 0x69, 0x04, 0xE0, 0x6B, 0xB9, 0x6E, 0x59, 0xB1, 0x27, 0xB6, 0xA2, 0x34, 0xB4,
        0x9B, 0xF6, 0x3C, 0x01, 0xC8, 0x56, 0xC6, 0x14, 0x31, 0x71, 0xDC, 0xBA, 0xFD, 0xA2, 0xBB, 0x6E,
        0x27, 0x2E, 0xEB, 0xA0, 0x86, 0x87, 0x08, 0x67, 0x35, 0x59, 0xEC, 0xD9, 0x6B, 0xE5, 0x82, 0x6E,
        0x2A, 0x6B, 0x4C, 0xD2, 0xF5, 0xD2, 0x11, 0x6B, 0xE1, 0x9D, 0xF4, 0x7A, 0xE3, 0xAD, 0x8A, 0x0E,
        0x11, 0x30, 0xD5, 0xA2, 0x69, 0xC8, 0x19, 0x07, 0x51, 0x3A, 0x08, 0xF3, 0x2E, 0x31, 0xB9, 0x8D,
        0xF8, 0x09, 0xD1, 0xD8, 0x44, 0x2C, 0x71, 0xDE, 0x2C, 0xB7, 0x00, 0x3C, 0x20, 0x7B, 0x3B, 0x0F,
        0xC5, 0x91, 0x0C, 0x34, 0xFC, 0xF0, 0x86, 0x1D, 0x6F, 0x29, 0xD1, 0xD5, 0x23, 0x12, 0x46, 0x99,
        0xCF, 0xC4, 0xE8, 0xC9, 0x31, 0x41, 0xAC, 0x0A, 0x78, 0xAC, 0xA0, 0xE6, 0xCC, 0xB7, 0x20, 0x16,
        0x6F, 0x19, 0x24, 0xA8, 0x93, 0x1D, 0x21, 0xD2, 0x06, 0x59, 0x9C, 0x3E, 0xF2, 0x18, 0x9C, 0x44,
        0x7C, 0x32, 0xA3, 0x18, 0x56, 0xB4, 0x0F, 0x81, 0x83, 0x8B, 0x64, 0x03, 0x0C, 0xDD, 0xE6, 0x02,
        0x9A, 0xB8, 0x15, 0xF1, 0x7C, 0xDA, 0xBD, 0x1F, 0x75, 0x10, 0x77, 0x20, 0xD3, 0x32, 0xB6, 0x63,
        0x33, 0xC5, 0x9F, 0x46, 0x24, 0xF2, 0xA7, 0x2F, 0x61, 0xEC, 0xDB, 0x45, 0xDD, 0x70, 0x69, 0x1A,
        0x9A, 0x6A, 0x40, 0xCA, 0xFD, 0xF9, 0xE2, 0x8B, 0x9B, 0x0A, 0x59, 0x4A, 0x96, 0x2B, 0xA6, 0x5E,
        0x67, 0xA6, 0x33, 0x72, 0xE8, 0xD7, 0x49, 0x56, 0x4E, 0x26, 0x3A, 0x8E, 0x0F, 0x50, 0xD2, 0x7C,
        0x1F, 0x1B, 0x8E, 0xD9, 0xE0, 0xCD, 0x56, 0x09, 0x57, 0xC2, 0xA5, 0x69, 0x84, 0x25, 0x12, 0x6A,
        0x2C, 0x1D, 0xF0, 0x05, 0x68, 0x27, 0x77, 0x94, 0x39, 0x42, 0x61, 0x8C, 0x81, 0xE9, 0x94, 0x55,
        0x29, 0x9A, 0x08, 0xA9, 0x39, 0xB3, 0x0D, 0xE9, 0xBC, 0xB1, 0x45, 0x78, 0x40, 0x99, 0x70, 0x7C,
        0x57, 0x6B, 0x6E, 0x20, 0x91, 0x19, 0xFD, 0x55, 0xD1, 0x74, 0xDE, 0xF6, 0x48, 0x4A, 0x71, 0xBA,
        0x3C, 0x01, 0xAE, 0xFE, 0x6E, 0x03, 0x15, 0x9B, 0xFB, 0xCE, 0x91, 0x9C, 0xF8, 0x17, 0x20, 0xDC,
        0xF5, 0xAA, 0xE8, 0x11, 0x2A, 0x79, 0x7C, 0x4D, 0x4D, 0xC3, 0x85, 0x04, 0xA8, 0x2A, 0xA1, 0xAA,
        0x33, 0x0F, 0x26, 0xE0, 0x13, 0x9F, 0x6E, 0x18, 0x9B, 0x58, 0x74, 0x85, 0xF0, 0x19, 0x1F, 0xE1,
        0x26, 0x17, 0x78, 0x76, 0x5B, 0xB5, 0x5E, 0x41, 0x4F, 0x81, 0xFF, 0x70, 0xCB, 0x6E, 0x3B, 0xA2,
        0x57, 0x09, 0x34, 0xE0, 0x6E, 0x60, 0x4E, 0xAD, 0x5A, 0xD5, 0x7D, 0x89, 0xCF, 0x3B, 0x6B, 0xA5,
        0x30, 0x63, 0x99, 0x57, 0x5E, 0xF6, 0x3F, 0xAA, 0xFA, 0x9C, 0x5D, 0x57, 0x15, 0x41, 0x85, 0xFA,
        0xFF, 0x1B, 0x88, 0x34, 0x37, 0x4A, 0xC1, 0x16, 0x62, 0x4A, 0x59, 0xC7, 0x17, 0xD4, 0x6B, 0xD3,
        0x32, 0x06, 0x11, 0x6B, 0xBF, 0x9C, 0x0B, 0x9D, 0xC3, 0xAB, 0x4C, 0xF6, 0x75, 0x36, 0x90, 0x9D,
        0x03, 0x48, 0x73, 0x6D, 0xE1, 0x3B, 0x2C, 0x9E, 0xDB, 0xFA, 0xBE, 0x95, 0x88, 0x93, 0xF0, 0xE2,
        0x6F, 0x96, 0xEA, 0xB9, 0xC2, 0x03, 0xE4, 0x7B, 0x14, 0xF7, 0xCA, 0xED, 0x7B, 0x2E, 0x4C, 0x94,
        0xF6, 0xBE, 0xDA, 0xE1, 0x6A, 0x01, 0xB5, 0xAF, 0x3E, 0x41, 0x32, 0x9F, 0x3E, 0x0C, 0xFE, 0x57,
        0x72, 0x78, 0xA0, 0x22, 0x17, 0x32, 0xC3, 0x8B, 0x63, 0x07, 0xF0, 0xA4, 0x09, 0x94, 0xE5, 0x34,
        0xD9, 0xC5, 0xD0, 0x9A, 0x9D, 0xDC, 0x18, 0xC2, 0xA0, 0xB2, 0xCF, 0x8C, 0xBC, 0xDD, 0x28, 0x87,
        0x8C, 0x4E, 0xBD, 0xFB, 0x86, 0x02, 0x0B, 0xBA, 0xE8, 0x51, 0x3E, 0xAC, 0xC0, 0xD2, 0x3E, 0x21,
        0xA1, 0x12, 0x2D, 0xA4, 0xF0, 0x24, 0x7F, 0x57, 0xE1, 0xAA, 0x4B, 0x49, 0xCD, 0x8B, 0xD9, 0x56,
        0x6F, 0x39, 0x8D, 0xB3, 0x23, 0xA1, 0xB0, 0xDE, 0xAD, 0x36, 0x8B, 0xE8, 0x60, 0xC4, 0xAC, 0x5B,
        0x1B, 0x74, 0xDF, 0x33, 0xA5, 0xFD, 0x5A, 0x5B, 0x36, 0xC6, 0xA6, 0xDD, 0x2E, 0x55, 0x8D, 0xB0,
        0xEC, 0xD6, 0x73, 0x93, 0xEE, 0xD7, 0x92, 0x4C, 0x95, 0xE0, 0x61, 0xFF, 0x86, 0x3D, 0x93, 0x7F,
        0xC3, 0xBD, 0xCA, 0xFC, 0x5C, 0x39, 0xF1, 0xEA, 0xDF, 0xF9, 0xE8, 0x47, 0x85, 0x0F, 0x50, 0xBE,
        0xD9, 0x08, 0xFA, 0x35, 0xDC, 0x7B, 0x95, 0x6C, 0xD4, 0xD8, 0xA3, 0xDF, 0xBD, 0xDF, 0x89, 0x2F,
        0x6E, 0x25, 0x83, 0x51, 0xB2, 0x54, 0xD3, 0x9A, 0xA9, 0x4E, 0xC4, 0x4C, 0x0B, 0x7B, 0xB9, 0x1F,
        0x07, 0xA1, 0xF8, 0x63, 0xFD, 0xA6, 0x53, 0xE3, 0xA0, 0xC7, 0x0C, 0xC4, 0xE8, 0xE2, 0xBA, 0xC6,
        0xD7, 0xD1, 0x27, 0x52, 0x3A, 0x28, 0x29, 0xD7, 0x45, 0xDF, 0xEE, 0x4D, 0x60, 0x8D, 0x59, 0xC7,
        0xEB, 0xCB, 0x4B, 0x60, 0x1E, 0x8E, 0x74, 0x4D, 0x54, 0x34, 0xE2, 0x49, 0x9A, 0x3F, 0xB1, 0xC7,
        0x8C, 0xB2, 0x83, 0xAD, 0xFD, 0x25, 0x64, 0x02, 0xBB, 0x12, 0x12, 0x87, 0x69, 0xDE, 0x88, 0xFB,
        0xFD, 0x80, 0x42, 0xC7, 0x5B, 0x60, 0xEB, 0xD5, 0x0F, 0xC6, 0x8F, 0x69, 0xCC, 0x1A, 0xCD, 0x50,
        0xBC, 0xD1, 0xAC, 0x0D, 0x70, 0xC9, 0x69, 0xD9, 0x0C, 0x31, 0x51, 0x84, 0x1F, 0x22, 0x65, 0xDD,
        0xCC, 0xE9, 0xE0, 0x8A, 0x03, 0x3D, 0x3D, 0x7A, 0x2B, 0xC4, 0xC8, 0xC9, 0xF3, 0x7A, 0x51, 0x7A,
        0xEA, 0xBE, 0xE4, 0x24, 0x08, 0xB0, 0x27, 0x41, 0x7E, 0xEB, 0x20, 0x8E, 0x7B, 0x56, 0xBA, 0x58,
        0xC2, 0x5A, 0x66, 0x1B, 0xEF, 0x54, 0x62, 0x03, 0xC1, 0xE4, 0x99, 0x8D, 0x5C, 0x93, 0xE4, 0x80,
        0xD5, 0x6F, 0x5E, 0x33, 0xD0, 0x99, 0x97, 0xB2, 0x15, 0xD5, 0x80, 0x41, 0x18, 0xE1, 0xF5, 0x2F,
        0x42, 0xB3, 0x0A, 0x87, 0x14, 0x66, 0x88, 0x36, 0x0D, 0x05, 0xBA, 0xAD, 0xA9, 0x19, 0x9D, 0xA6,
        0x58, 0x9A, 0xD9, 0x0F, 0xF0, 0x44, 0x90, 0xB3, 0x60, 0x5F, 0x0C, 0x29, 0x0D, 0x34, 0x47, 0xFC,
        0x42, 0x94, 0xD0, 0x74, 0x2B, 0x06, 0x15, 0xFC, 0x2E, 0x37, 0xF6, 0xDD, 0xFC, 0xE2, 0xCF, 0x68,
        0x40, 0xB4, 0xA1, 0x75, 0xD4, 0x50, 0x7A, 0x16, 0xAA, 0x4D, 0x6F, 0xD7, 0x2A, 0x7F, 0x2C, 0xFD,
        0x43, 0x40, 0x48, 0x4C, 0xE3, 0xD5, 0xDC, 0x7F, 0x23, 0x98, 0x63, 0x1A, 0x83, 0x75, 0xC2, 0x2D,
        0x7B, 0x98, 0x70, 0xD2, 0xF0, 0x63, 0x14, 0x22, 0xC0, 0x33, 0xEE, 0x9C, 0x04, 0x00, 0x18, 0xD4,
        0xA9, 0x76, 0xB9, 0xCB, 0x21, 0xF3, 0x15, 0xE7, 0x8D, 0x12, 0xCD, 0xA7, 0xA8, 0x6E, 0x9A, 0x2F,
        0x19, 0x94, 0x7C, 0xBA, 0x93, 0xFE, 0x5D, 0x2D, 0x0B, 0xCF, 0xA8, 0xB2, 0x44, 0x7E, 0x3D, 0x5F,
        0x09, 0x6E, 0x00, 0x04, 0x0F, 0x70, 0x9A, 0x39, 0x05, 0x90, 0x9A, 0xB3, 0x1A, 0xF3, 0x5D, 0xD3,
        0xFD, 0x22, 0xE6, 0x4A, 0xAD, 0xD9, 0x3C, 0xA6, 0x7D, 0xFE, 0x98, 0xE6, 0x58, 0xE7, 0x31, 0x87,
        0x07, 0x6C, 0x2A, 0x33, 0x87, 0xF3, 0x73, 0x77, 0x62, 0x04, 0xCF, 0xD5, 0xC9, 0xF3, 0x65, 0xC2,
        0xF9, 0x84, 0x2A, 0xA0, 0xED, 0x80, 0x50, 0xF4, 0x57, 0xA0, 0xA2, 0xF7, 0xC2, 0xF9, 0x99, 0xB6,
        0x54, 0x4D, 0x6E, 0x0B, 0xEE, 0x82, 0x92, 0x79, 0xFC, 0xE5, 0x1D, 0xA9, 0x20, 0xED, 0x19, 0x2F,
        0x81, 0xE1, 0xF6, 0xB7, 0xF3, 0xAF, 0xAC, 0xC7, 0xA3, 0xF5, 0xA8, 0xB5, 0xC8, 0x05, 0xCE, 0x67,
        0xBB, 0x6D, 0x18, 0xF4, 0xB7, 0x23, 0x3C, 0x53, 0x4A, 0xE6, 0xA9, 0xFC, 0x27, 0x90, 0x3D, 0xCA,
        0x37, 0x8A, 0x72, 0xC1, 0x27, 0x79, 0x08, 0x6B, 0x64, 0xA4, 0xA6, 0xEB, 0x27, 0x65, 0x2C, 0xC7,
        0x53, 0x19, 0xC2, 0x30, 0x1E, 0x97, 0x4C, 0x68, 0x8F, 0xBC, 0x89, 0x03, 0x12, 0xBE, 0x1B, 0xFF,
        0x76, 0xB4, 0xA4, 0xE1, 0xED, 0x7B, 0x99, 0x8C, 0x58, 0x26, 0x97, 0xD6, 0x2C, 0x28, 0x92, 0x50,
        0x16, 0xFF, 0x4C, 0xD2, 0x64, 0xE8, 0xC3, 0xAA, 0xE9, 0xCE, 0x0A, 0x3F, 0x67, 0x1B, 0x1B, 0x4E,
        0x18, 0xAA, 0xAF, 0x52, 0x33, 0x5E, 0xA9, 0xD9, 0x5E, 0x3B, 0xB0, 0xF2, 0xD9, 0xBA, 0x82, 0xBF,
        0x86, 0xE4, 0x31, 0x32, 0xA6, 0x48, 0x65, 0xEC, 0x10, 0x1E, 0x2F, 0x25, 0xBC, 0x9E, 0x80, 0x6E,
        0x3A, 0x0C, 0x16, 0xEA, 0x10, 0x4E, 0x8B, 0xE9, 0xDD, 0x0C, 0x91, 0xF1, 0xBE, 0xEF, 0x56, 0x30,
        0x3D, 0x72, 0xBF, 0x68, 0x76, 0x10, 0x5D, 0x63, 0x67, 0x94, 0xBB, 0x21, 0x62, 0x9B, 0xF4, 0x33,
        0x69, 0xFB, 0x75, 0x05, 0xE0, 0xF7, 0xA0, 0x59, 0x11, 0xA8, 0x39, 0x38, 0xBF, 0xB1, 0xA5, 0x0E,
        0x77, 0x36, 0x5B, 0x41, 0xE8, 0x80, 0x49, 0x45, 0x13, 0xA4, 0x00, 0x20, 0x60, 0x56, 0x9C, 0x6E,
        0x9D, 0x92, 0x5E, 0x91, 0xAA, 0x9B, 0x3D, 0xE3, 0x2C, 0xCC, 0x7C, 0xF9, 0xF7, 0x25, 0x82, 0xD8,
        0xDD, 0x88, 0x83, 0xC4, 0x54, 0xA8, 0x73, 0x32, 0x73, 0x5D, 0x8C, 0x60, 0x50, 0x8E, 0xAA, 0x3C,
        0xD3, 0xFA, 0x43, 0xA6, 0x73, 0x9E, 0xAB, 0x4C, 0x25, 0x4E, 0xF6, 0x6A, 0x0C, 0x17, 0x9D, 0x49,
        0x1D, 0xB0, 0xEF, 0xF8, 0xC7, 0x71, 0xE5, 0x20, 0xAC, 0x83, 0x7D, 0x7F, 0xDC, 0xBC, 0xE8, 0xB6,
        0x87, 0xCB, 0x1C, 0xED, 0x82, 0x86, 0x03, 0x1D, 0x14, 0xF6, 0x86, 0x1C, 0x83, 0x54, 0x26, 0x00,
        0x1D, 0xC2, 0xA1, 0x39, 0xF0, 0xB9, 0xE8, 0x1E, 0x84, 0x4C, 0x3F, 0x4F, 0x09, 0xD3, 0x13, 0x4E,
        0x34, 0x58, 0xF2, 0xCA, 0x76, 0x16, 0x07, 0x2E, 0xE6, 0x9B, 0x82, 0x6B, 0x7C, 0x49, 0x67, 0x6A,
        0x5A, 0x1C, 0xA4, 0x36, 0x57, 0x87, 0xBB, 0x23, 0x48, 0x67, 0xC4, 0x30, 0xA1, 0x87, 0xB9, 0x0F,
        0x87, 0x68, 0xA9, 0x72, 0x32, 0xFE, 0x3D, 0x94, 0x05, 0x28, 0x95, 0xC3, 0xC4, 0xC3, 0xD3, 0x97,
        0xA0, 0x10, 0xEF, 0x9F, 0xC0, 0x65, 0x61, 0xA0, 0xC3, 0x3C, 0xED, 0xF7, 0x21, 0x58, 0x90, 0x95,
        0x66, 0x8A, 0x25, 0x65, 0x92, 0x2D, 0x00, 0x39, 0x2D, 0x4B, 0xBB, 0xF7, 0x3E, 0x30, 0x6F, 0x49,
        0xA7, 0x9C, 0x07, 0xDA, 0xB3, 0x56, 0x32, 0xB7, 0x0F, 0x00, 0x24, 0x79, 0x79, 0x75, 0xC8, 0x42,
        0xCF, 0x80, 0x03, 0x52, 0x02, 0x38, 0x70, 0x47, 0x0C, 0x31, 0x46, 0x56, 0x6A, 0x4F, 0x68, 0x4B,
        0x1D, 0xEF, 0x17, 0x4D, 0x0B, 0x47, 0x56, 0x0E, 0x18, 0x1B, 0xAF, 0x9F, 0x06, 0xD2, 0xA1, 0xF7,
        0x62, 0xA4, 0x6E, 0x83, 0x9C, 0xCA, 0x9C, 0x7E, 0x54, 0x7B, 0xD0, 0x38, 0xDA, 0x32, 0x80, 0x65,
        0x77, 0x60, 0x4D, 0xCD, 0x18, 0x26, 0x60, 0xB4, 0xC8, 0xB6, 0x60, 0x39, 0xA5, 0x85, 0x85, 0xC2,
        0x78, 0xF5, 0xCF, 0xC8, 0x9D, 0x72, 0x16, 0x06, 0xA7, 0xE6, 0xFF, 0x26, 0xAF, 0x48, 0x85, 0xB1,
        0x67, 0x7F, 0xE0, 0x40, 0x98, 0xF1, 0x39, 0x33, 0xF6, 0x32, 0x1C, 0xBC, 0xA7, 0x09, 0x61, 0x99,
        0x1A, 0xB9, 0xB8, 0x2E, 0x92, 0x7E, 0x6B, 0x79, 0x1A, 0x32, 0x7E, 0xB9, 0x6C, 0x84, 0x6D, 0x22,
        0x72, 0xAB, 0x65, 0x42, 0x73, 0x1C, 0x4F, 0x77, 0x4D, 0x6A, 0x06, 0x3D, 0x28, 0xCF, 0x85, 0x29,
        0x99, 0x6F, 0x82, 0x59, 0xA4, 0x22, 0xAD, 0xA5, 0x54, 0x48, 0x5B, 0x8D, 0x95, 0x0E, 0xFB, 0xD9,
        0x2B, 0x32, 0xC6, 0x8A, 0xE4, 0x30, 0xA8, 0x8E, 0x9C, 0xEE, 0xDE, 0x36, 0x37, 0xD3, 0xAB, 0x62,
        0xB6, 0x5C, 0x3A, 0xD3, 0xF8, 0xC3, 0xD2, 0xDA, 0x8E, 0xF1, 0x38, 0xB3, 0x1B, 0xA9, 0x2D, 0x21,
        0x02, 0x1A, 0x76, 0x7F, 0x88, 0xEF, 0xD3, 0xE1, 0x7C, 0x3B, 0x09, 0x11, 0xA8, 0x48, 0x49, 0xE2,
        0x62, 0x5B, 0xDF, 0x88, 0x6F, 0x55, 0x88, 0x28, 0x50, 0x87, 0xAE, 0xB6, 0x89, 0x40, 0x3D, 0x48,
        0x31, 0xFE, 0xAB, 0x56, 0x01, 0x7A, 0x4E, 0x8C, 0x1D, 0x6C, 0xA4, 0x54, 0x53, 0xEB, 0x75, 0x4E,
        0xFD, 0x1F, 0x22, 0x2C, 0x01, 0xE4, 0xEB, 0xB8, 0x44, 0xEC, 0x20, 0xE9, 0x97, 0x72, 0xAD, 0xFF,
        0xE9, 0xFF, 0x3D, 0xA4, 0x1B, 0xA0, 0x64, 0x60, 0x1E, 0xF3, 0x9B, 0x5B, 0x77, 0xAC, 0x0C, 0x2C,
        0x64, 0xDC, 0xD7, 0x34, 0x45, 0x5A, 0x58, 0xF7, 0x9F, 0xB5, 0x40, 0x31, 0x82, 0x52, 0xA3, 0x28,
        0xC8, 0x43, 0x24, 0xCF, 0xA9, 0x03, 0x21, 0xE8, 0xA6, 0x45, 0x4F, 0x35, 0xDF, 0x98, 0x15, 0xFD,
        0x1D, 0x52, 0x38, 0xC9, 0x1F, 0x89, 0x14, 0xBA, 0x5E, 0x25, 0x80, 0x39, 0xE9, 0xFE, 0x76, 0x70,
        0x13, 0x81, 0xE7, 0x13, 0x82, 0x67, 0xAC, 0xFA, 0xCB, 0xAF, 0xA2, 0x26, 0x7A, 0xB2, 0xCE, 0xD4,
        0x6D, 0x53, 0xD2, 0x01, 0xA8, 0x65, 0xF6, 0x68, 0x6F, 0x91, 0x27, 0x95, 0x2E, 0xA6, 0x0F, 0x4A,
        0xB7, 0xB0, 0xC5, 0x19, 0x65, 0x4F, 0x5D, 0xD3, 0x21, 0xB4, 0x5D, 0xDA, 0x2F, 0xE3, 0x63, 0xC8,
        0xB6, 0xA4, 0x8B, 0x05, 0x75, 0x55, 0xEF, 0xE8, 0x6B, 0x39, 0x74, 0xA0, 0xBA, 0x17, 0xB5, 0x40,
        0x8B, 0xD4, 0x3D, 0x67, 0xF6, 0xA8, 0x40, 0xE2, 0x38, 0xD2, 0x39, 0xBB, 0x9E, 0xC5, 0xE5, 0xAA,
        0x5E, 0x66, 0xCC, 0x15, 0x6D, 0xEF, 0x20, 0x5B, 0x6D, 0x98, 0x77, 0x0E, 0x82, 0x72, 0xED, 0xF3,
        0x4D, 0xFE, 0x98, 0x6C, 0xAE, 0xAF, 0xBF, 0x4C, 0x69, 0xBD, 0x47, 0xA6, 0xE7, 0xD8, 0x69, 0xAF,
        0xDF, 0x3C, 0xD8, 0x99, 0x92, 0x05, 0xC8, 0x7B, 0x45, 0xA1, 0xA0, 0xE1, 0x40, 0x78, 0x9A, 0xB3,
        0x16, 0xFB, 0xF9, 0x36, 0x6E, 0xCC, 0x14, 0x11, 0x15, 0x04, 0xCB, 0xCF, 0x3D, 0x7E, 0x55, 0x68,
        0x27, 0x10, 0x88, 0xEB, 0xD4, 0xEC, 0x28, 0x02, 0x7F, 0x27, 0x43, 0x21, 0xD1, 0x73, 0x82, 0xEA,
        0x94, 0x7E, 0x8A, 0x8D, 0x7C, 0x95, 0x3C, 0x86, 0x51, 0xB6, 0xC9, 0x5F, 0x2A, 0xC5, 0x88, 0xC6,
        0xDD, 0x6A, 0x58, 0x69, 0x76, 0x33, 0xDD, 0x54, 0xCA, 0xE6, 0x15, 0xE0, 0xFE, 0xE8, 0xA7, 0x39,
        0x03, 0x90, 0x80, 0xFB, 0x86, 0x6F, 0x1A, 0xC9, 0x4E, 0x2A, 0xB1, 0x6A, 0x5A, 0x7D, 0x6F, 0x61,
        0xC0, 0x0D, 0x27, 0xAC, 0xEB, 0xC5, 0x0B, 0xFB, 0x36, 0x1D, 0x34, 0x77, 0x31, 0xE9, 0xF4, 0xDE,
        0xF9, 0x56, 0x44, 0xC7, 0x62, 0x7C, 0x57, 0xB7, 0x31, 0xC1, 0xE5, 0xE0, 0xA3, 0x77, 0x22, 0xDA,
        0x3D, 0xA6, 0x4E, 0xD7, 0x8A, 0x42, 0x66, 0x76, 0x1F, 0xE7, 0x21, 0xC5, 0x25, 0x33, 0x90, 0x2D,
        0x94, 0xE5, 0x80, 0xE7, 0x13, 0xFE, 0x15, 0xD7, 0xBE, 0x5F, 0xAB, 0x0D, 0x86, 0xED, 0x22, 0xF7,
        0xF7, 0xE8, 0xE1, 0x6A, 0xF9, 0xDD, 0x1C, 0x7A, 0x2F, 0xC9, 0xC9, 0xCB, 0xB8, 0xA3, 0x87, 0x2E,
        0x0C, 0xCE, 0x21, 0x04, 0xA6, 0x86, 0xC5, 0x2F, 0xD0, 0x8F, 0x82, 0x18, 0xC6, 0x03, 0xA5, 0xFD,
        0x60, 0xFF, 0x68, 0xD1, 0x3D, 0x3F, 0xB5, 0x1C, 0xD6, 0xE4, 0x5D, 0x5F, 0x07, 0x20, 0xFD, 0x57,
        0x71, 0x5D, 0xF1, 0x9B, 0xA5, 0x2F, 0xAB, 0x60, 0x35, 0xE9, 0xDF, 0xAA, 0x18, 0xFD, 0x6A, 0x6F,
        0xDF, 0x7D, 0x54, 0x5F, 0xA0, 0x75, 0x35, 0xBE, 0x45, 0xD2, 0x33, 0x22, 0x86, 0x01, 0x5B, 0xBB,
        0x4F, 0xB7, 0xA8, 0x5C, 0x34, 0x67, 0x1C, 0xEC, 0x4A, 0xFD, 0xA7, 0xDE, 0x53, 0xF2, 0x93, 0x08,
        0x00, 0x5D, 0x54, 0xE2, 0x72, 0x49, 0x8B, 0xA8, 0x27, 0x6F, 0xBA, 0x71, 0x9D, 0xDC, 0xB4, 0x9D,
        0x05, 0x01, 0x2C, 0xD9, 0x63, 0x7B, 0xFA, 0x36, 0xAC, 0xAA, 0x6B, 0x33, 0x96, 0xF6, 0xA9, 0x92,
        0xD9, 0xC6, 0x09, 0x24, 0xFB, 0x7D, 0x67, 0x52, 0xA4, 0xC5, 0x2E, 0x3F, 0x90, 0x5A, 0xC8, 0x73,
        0x48, 0xC0, 0x9B, 0x5A, 0x7D, 0x20, 0x08, 0xA5, 0x45, 0xF0, 0x93, 0x86, 0xC3, 0x0A, 0xBD, 0x47,
        0x42, 0xF4, 0xAE, 0x60, 0xFE, 0x76, 0x3F, 0x74, 0xB6, 0x81, 0x2E, 0x15, 0x46, 0xA4, 0x73, 0x59,
        0xD7, 0x05, 0x03, 0x5B, 0x0E, 0xB0, 0xE0, 0x76, 0x16, 0x4C, 0x2F, 0x7E, 0xAD, 0xDE, 0xD6, 0x58,
        0x18, 0xAD, 0xC1, 0x90, 0x40, 0xE6, 0x03, 0x8F, 0x3D, 0x60, 0x79, 0x92, 0xCB, 0x1C, 0x71, 0x3F,
        0xF8, 0xEF, 0x77, 0xB5, 0x47, 0x5A, 0xC1, 0x63, 0x89, 0x18, 0xF2, 0x7C, 0x60, 0x52, 0xE3, 0x87,
        0xA2, 0x4F, 0x3B, 0xC4, 0xBF, 0x32, 0x4F, 0x1D, 0x27, 0x09, 0x9A, 0xC4, 0x5C, 0xB3, 0x05, 0xE4,
        0x42, 0x4E, 0x51, 0xFA, 0xEB, 0xE5, 0xDD, 0xDA, 0xF4, 0x39, 0xEE, 0x15, 0x8F, 0x8E, 0xBF, 0x82,
        0xFB, 0xC3, 0xFD, 0x43, 0x83, 0x26, 0xC0, 0x83, 0x1C, 0x0E, 0x66, 0x76, 0x20, 0x53, 0x02, 0x33,
        0xD7, 0x9A, 0x08, 0x66, 0xFC, 0xED, 0x84, 0xE6, 0x6C, 0xC4, 0x12, 0x3D, 0xED, 0x69, 0x99, 0xD6,
        0x34, 0x25, 0x17, 0xB7, 0x90, 0xCA, 0x84, 0x66, 0xFC, 0x68, 0x7C, 0x9A, 0x2A, 0x12, 0xAE, 0x20,
        0x43, 0xD4, 0x17, 0x65, 0xD5, 0x72, 0x3B, 0xCC, 0xD4, 0xE8, 0xD0, 0x2B, 0xDE, 0xF3, 0x62, 0x2C,
        0x5E, 0x1B, 0x87, 0x75, 0x87, 0xBE, 0xE2, 0x56, 0x78, 0x75, 0xB6, 0xFA, 0xBD, 0x22, 0xB4, 0x94,
        0x29, 0x51, 0xA3, 0x7A, 0x63, 0x3B, 0xD6, 0xFD, 0x4D, 0x9A, 0x10, 0xCA, 0xA8, 0x0B, 0x35, 0x44,
        0x9D, 0xD3, 0x35, 0x36, 0x0E, 0x12, 0x81, 0xF0, 0x80, 0xEE, 0xE9, 0xA5, 0x25, 0xD1, 0x68, 0xBD,
        0x33, 0xF4, 0xA6, 0x84, 0xA6, 0x75, 0x13, 0xBE, 0xE1, 0x4F, 0x25, 0x18, 0xDA, 0xC3, 0x36, 0x3E,
        0xBD, 0x2D, 0xC6, 0x64, 0xBF, 0xC9, 0x00, 0x91, 0xCA, 0x0C, 0x4C, 0x25, 0x38, 0x82, 0x56, 0x5D,
        0x20, 0x06, 0x35, 0x8B, 0x92, 0xC6, 0x8D, 0xC8, 0x3F, 0x3D, 0xEA, 0x03, 0x86, 0x33, 0x85, 0x69,
        0xE5, 0x36, 0x17, 0x82, 0x46, 0xFD, 0xFC, 0xD7, 0xCF, 0x55, 0x5B, 0x37, 0x72, 0x6E, 0x5C, 0xEC,
        0x18, 0x38, 0x2C, 0x8C, 0x22, 0xA0, 0x49, 0xC0, 0x82, 0xF3, 0x4E, 0xCF, 0xA4, 0xE3, 0x53, 0xA1,
        0x8E, 0x00, 0xC5, 0xC6, 0xE3, 0x84, 0xA1, 0x9C, 0x03, 0x3B, 0x26, 0xDE, 0x53, 0x48, 0xAA, 0xF4,
        0x6B, 0xF8, 0xC1, 0x87, 0x2D, 0x22, 0xC6, 0x37, 0x6E, 0x00, 0xDB, 0x6A, 0x83, 0x6E, 0x10, 0xCF,
        0xD2, 0xA9, 0x75, 0x48, 0xA0, 0xED, 0x15, 0x76, 0x21, 0x39, 0xC1, 0xE5, 0xB8, 0x3D, 0xF2, 0xFA,
        0x19, 0x1A, 0xD8, 0xB2, 0x33, 0x68, 0x2E, 0x93, 0xD0, 0xD4, 0xFD, 0xE8, 0x45, 0x2E, 0xC6, 0xC2,
        0xBA, 0x91, 0xD2, 0x50, 0x2C, 0x7B, 0x08, 0x7F, 0xD3, 0xC0, 0xCF, 0x3F, 0xA5, 0x42, 0x1F, 0x48,
        0xA1, 0xAF, 0x18, 0x8E, 0x62, 0x66, 0xBF, 0xC1, 0x06, 0x71, 0xD3, 0xF9, 0xD8, 0x6B, 0xF0, 0xED,
        0x94, 0x5A, 0x59, 0x3E, 0x4C, 0xED, 0x38, 0x40, 0x7A, 0x27, 0x83, 0xC0, 0xEF, 0x2C, 0xF7, 0x0F,
        0x49, 0x63, 0x40, 0xDB, 0xDB, 0xE7, 0x6A, 0x81, 0x76, 0x2E, 0x6E, 0xA4, 0x70, 0x82, 0x71, 0x94,
        0xDF, 0xFA, 0x73, 0x27, 0x1F, 0x4B, 0x97, 0xEA, 0x2F, 0x22, 0x81, 0xF0, 0x82, 0x0F, 0x97, 0x63,
        0x0D, 0xB2, 0x1E, 0x71, 0xF0, 0x9A, 0xEA, 0xBE, 0xDD, 0xD3, 0x7A, 0x3C, 0x05, 0xF6, 0xDA, 0x4C,
        0xCF, 0xC1, 0xE3, 0x5D, 0x8B, 0x60, 0x09, 0x00, 0x7A, 0xA0, 0x05, 0xA1, 0x2F, 0xE5, 0xCA, 0xE9,
        0x1C, 0x72, 0x12, 0x46, 0x11, 0xBD, 0x5C, 0xDD, 0x6E, 0x27, 0x95, 0xED, 0x71, 0xB6, 0xA1, 0xC1,
        0x7C, 0x45, 0x82, 0x44, 0xFA, 0x22, 0xBC, 0x2A, 0xFA, 0x94, 0x69, 0xB5, 0x0E, 0x38, 0xF2, 0x07,
        0x0E, 0x8E, 0x61, 0x17, 0x1D, 0x71, 0xC2, 0xE3, 0x88, 0x6F, 0xCB, 0x7F, 0x2B, 0xAC, 0xF4, 0xA0,
        0x47, 0xEB, 0x97, 0xAE, 0x85, 0x02, 0x12, 0x7E, 0xA5, 0xDB, 0x36, 0xAC, 0xCC, 0xA3, 0xC4, 0x83,
        0xEA, 0x1A, 0x2E, 0xEB, 0xB0, 0xE2, 0x43, 0xFE, 0x67, 0xC4, 0x7A, 0x68, 0x33, 0x00, 0xF7, 0xA1,
        0x58, 0xCE, 0xCF, 0x1C, 0xE6, 0x93, 0xFB, 0xED, 0xCE, 0x7F, 0x96, 0xC1, 0x0E, 0x10, 0x72, 0xBA,
        0x69, 0x12, 0x7A, 0xCD, 0x47, 0xEE, 0xFE, 0xC7, 0xDA, 0x94, 0x0B, 0x80, 0x8D, 0x36, 0xE6, 0x7C,
        0xFE, 0x30, 0x3C, 0x7A, 0xD6, 0x7C, 0xFF, 0xB5, 0xA7, 0x24, 0xA3, 0x0D, 0x46, 0x6A, 0x70, 0xE4,
        0xDA, 0xB9, 0xCE, 0x9F, 0xDA, 0x0F, 0x6B, 0xBE, 0x64, 0x8E, 0x92, 0xEA, 0xF0, 0x7E, 0xC0, 0xBA,
        0x8F, 0xBE, 0x6B, 0x6C, 0xAD, 0x2B, 0x0E, 0x19, 0xDB, 0x6A, 0x6B, 0x8D, 0x07, 0x29, 0x17, 0xE5,
        0xCD, 0xCA, 0xD3, 0x96, 0xCE, 0x16, 0x52, 0x92, 0x66, 0x51, 0x05, 0xB4, 0x93, 0xD1, 0xE7, 0xA2,
        0xD6, 0x2A, 0xDA, 0x81, 0x76, 0x8F, 0x43, 0x6B, 0x4B, 0x0F, 0x22, 0xE0, 0x96, 0xF4, 0x6A, 0x81,
        0x15, 0x16, 0x17, 0x98, 0x38, 0x4B, 0xF7, 0x2C, 0x7B, 0x84, 0x98, 0xF7, 0x3A, 0x0A, 0x67, 0x91,
        0xB1, 0x6C, 0xB5, 0x73, 0x7D, 0x2E, 0x0E, 0x36, 0x86, 0x4B, 0x31, 0xAE, 0x7D, 0x00, 0xFB, 0x51,
        0xCB, 0x1F, 0x27, 0x69, 0xD2, 0xDA, 0x36, 0x13, 0x2F, 0x41, 0xCD, 0x4E, 0x5C, 0x8B, 0xFE, 0xBE,
        0x2E, 0x66, 0x41, 0x5D, 0x51, 0x35, 0x1D, 0xD6, 0xE4, 0x35, 0xFA, 0x20, 0x0B, 0xE0, 0xF1, 0xEA,
        0x0D, 0xBA, 0x07, 0x26, 0x76, 0xEE, 0x08, 0xC4, 0x06, 0x44, 0x4A, 0xE8, 0x87, 0x8A, 0x44, 0x03,
        0xD0, 0xDC, 0xF8, 0xB2, 0x54, 0x31, 0xFC, 0xC9, 0x28, 0x0D, 0x92, 0x11, 0xB7, 0xA3, 0x03, 0x7C,
        0xC1, 0x44, 0xF4, 0xDE, 0xDD, 0x2C, 0x47, 0x39, 0x2C, 0xF0, 0x7C, 0x16, 0x25, 0x60, 0xC0, 0x45,
        0xE6, 0x23, 0xE7, 0xCC, 0x3C, 0xDB, 0x01, 0x78, 0x22, 0x03, 0xA8, 0x22, 0x88, 0x2B, 0x35, 0x57,
        0xEC, 0x00, 0xA8, 0xDA, 0xDC, 0x83, 0xEF, 0x70, 0x8B, 0x69, 0x5A, 0x77, 0x30, 0x7C, 0xCB, 0xC6,
        0xD8, 0x14, 0x96, 0xBE, 0x0D, 0x58, 0x8D, 0x9A, 0xCD, 0x08, 0xE1, 0xAE, 0xD4, 0x5E, 0x91, 0xE5,
        0x3F, 0x88, 0x9F, 0x91, 0xE8, 0x53, 0x43, 0xD1, 0x5E, 0xCB, 0x9C, 0x67, 0x33, 0xB9, 0xB4, 0x8E,
        0xEA, 0xB3, 0xFA, 0xB1, 0x0F, 0xCF, 0xCC, 0x1F, 0xF4, 0xD1, 0xD2, 0xBF, 0x54, 0x9D, 0x49, 0xA4,
        0x0C, 0xAE, 0xC8, 0x8F, 0x5D, 0xE9, 0xBD, 0x15, 0x15, 0x26, 0x74, 0x5A, 0xC0, 0xE3, 0x40, 0x73,
        0xD8, 0x58, 0xA0, 0x0F, 0x7F, 0xCC, 0x9B, 0xAB, 0x0B, 0x5B, 0xDF, 0x76, 0x05, 0x84, 0x70, 0x29,
        0xE5, 0xF3, 0x1B, 0x2B, 0x33, 0x74, 0x70, 0x70, 0xF3, 0x40, 0x07, 0xF7, 0xEE, 0xF6, 0x1D, 0xA6,
        0x1C, 0xA6, 0xD1, 0x6E, 0xDD, 0x58, 0x05, 0xC9, 0xA3, 0xA3, 0xCC, 0x65, 0x00, 0x47, 0x7C, 0xD4,
        0x80, 0xFF, 0xC5, 0xFC, 0xDD, 0x35, 0x28, 0x22, 0x05, 0xBA, 0xC5, 0x83, 0xB4, 0xB1, 0xA8, 0xF8,
        0x28, 0x8E, 0x24, 0x22, 0x0C, 0x34, 0x89, 0x7D, 0xA9, 0x22, 0x74, 0x60, 0x50, 0xFE, 0x0A, 0x7E,
        0xA1, 0x8C, 0x26, 0xCD, 0xDB, 0x49, 0xCA, 0x63, 0x57, 0x08, 0x97, 0xD6, 0xAE, 0xDE, 0x2B, 0x9F,
        0xD3, 0xFA, 0x4D, 0x06, 0x8E, 0x92, 0xB7, 0x77, 0xE7, 0x3E, 0x77, 0xF1, 0xB8, 0xAB, 0x1C, 0xD7,
        0x1C, 0x60, 0x6D, 0x67, 0x46, 0xC9, 0x05, 0x30, 0x21, 0x3E, 0x6F, 0x51, 0xEF, 0x71, 0xA5, 0xB3,
        0x28, 0x4B, 0x32, 0xE6, 0x2A, 0x3A, 0x15, 0xA6, 0xCC, 0xA2, 0x49, 0x45, 0x94, 0x70, 0x90, 0x99,
        0x40, 0x87, 0x3F, 0x0A, 0xDA, 0xE7, 0x9B, 0x8C, 0xD1, 0x1B, 0x7D, 0xC1, 0xFA, 0x90, 0xAC, 0x17,
        0x9D, 0xAD, 0x11, 0x87, 0x6D, 0xA0, 0xB5, 0x14, 0xD2, 0x96, 0xC1, 0x21, 0xC9, 0xE3, 0x9A, 0x44,
        0x3C, 0x53, 0x1F, 0x17, 0x20, 0x98, 0xE6, 0x31, 0x53, 0xDD, 0x28, 0x77, 0x70, 0x70, 0x66, 0xD3,
        0xB2, 0xCE, 0x0D, 0x70, 0x80, 0x0A, 0x6E, 0x51, 0x4C, 0x8A, 0x0C, 0x0A, 0xD8, 0x34, 0x29, 0x05,
        0x25, 0x93, 0x72, 0x6F, 0x2C, 0x14, 0xC1, 0xA1, 0x70, 0x4E, 0xAC, 0xEE, 0xD0, 0xDF, 0x89, 0xF6,
        0x2C, 0xDA, 0x5A, 0xFF, 0x2A, 0x72, 0x07, 0xDE, 0x8C, 0xE5, 0xC6, 0x42, 0x22, 0x6E, 0x90, 0x3E,
        0x3B, 0xC3, 0x55, 0xDD, 0x98, 0xA2, 0xEE, 0xBA, 0xC7, 0x2D, 0x44, 0x68, 0xDA, 0x2E, 0x4E, 0xFE,
        0xB5, 0x4C, 0xA2, 0x36, 0xB2, 0xDC, 0xEE, 0x01, 0x49, 0xAB, 0xC3, 0x73, 0xFD, 0xC1, 0x1D, 0xE2,
        0xFC, 0xE7, 0x6D, 0xFD, 0x51, 0x47, 0x26, 0xAB, 0x49, 0x91, 0x34, 0xA8, 0x97, 0xA1, 0x49, 0xB5,
        0x36, 0x24, 0x6D, 0x64, 0xC7, 0xF3, 0x19, 0x9E, 0xB2, 0x52, 0xB2, 0x33, 0x65, 0xF6, 0x13, 0x07,
        0x0B, 0x7D, 0x63, 0x6D, 0xB9, 0xD1, 0xF5, 0x62, 0x04, 0xC9, 0xBF, 0xCD, 0xAB, 0x5E, 0xB1, 0x27,
        0xD1, 0x40, 0xA4, 0x38, 0x94, 0xC9, 0xED, 0x2A, 0x28, 0x35, 0x80, 0x0A, 0x2E, 0xA8, 0xB6, 0xE8,
        0x15, 0x60, 0x1B, 0xF8, 0xEA, 0x59, 0x68, 0xE7, 0x3F, 0x42, 0xA0, 0x7C, 0xCE, 0x56, 0x80, 0x53,
        0xED, 0x3D, 0x41, 0x1B, 0x27, 0xA8, 0x5D, 0xE5, 0x5A, 0x0D, 0x23, 0xBD, 0xC5, 0xA8, 0xEA, 0x3A,
        0x15, 0x90, 0xC3, 0x08, 0x07, 0x2D, 0x17, 0x1C, 0x7C, 0x16, 0x94, 0x8D, 0x7F, 0x8C, 0x3F, 0x98,
        0xB3, 0xDD, 0x9A, 0x63, 0x93, 0x9F, 0xE2, 0xC1, 0xAA, 0x92, 0x9C, 0xF9, 0x6C, 0x84, 0xE8, 0x7B,
        0x38, 0x73, 0x9B, 0x54, 0xBA, 0x4E, 0x02, 0x32, 0x30, 0x4A, 0x5D, 0x79, 0xE3, 0x92, 0x6C, 0x3E,
        0xE6, 0xAE, 0x45, 0x0A, 0xFE, 0x72, 0xC7, 0x55, 0xC7, 0x10, 0xE0, 0xF2, 0x8A, 0x21, 0x2A, 0x21,
        0xF1, 0xA6, 0x3E, 0x33, 0xA9, 0xEE, 0x37, 0xE8, 0x45, 0x28, 0x8C, 0x5C, 0x67, 0x3F, 0xA6, 0xCA,
        0x6D, 0x48, 0x0B, 0x6C, 0x53, 0xFF, 0x2B, 0xCF, 0xEC, 0xC8, 0x27, 0x5B, 0x69, 0x10, 0x15, 0x5C,
        0x1D, 0xE7, 0x68, 0x7E, 0x0E, 0x74, 0x5A, 0x1A, 0x5A, 0xDF, 0x19, 0xCD, 0xA6, 0xC9, 0xC2, 0xBD,
        0x53, 0x2A, 0x54, 0x76, 0x0B, 0x40, 0x53, 0x6A, 0xE4, 0xAF, 0x5A, 0x54, 0x9E, 0x70, 0xF5, 0x4C,
        0x42, 0xC9, 0xC3, 0x36, 0xA1, 0xFC, 0x86, 0xAA, 0xEC, 0x35, 0xF2, 0x99, 0x52, 0xC4, 0x72, 0x12,
        0x20, 0x10, 0x76, 0xEF, 0x28, 0xB5, 0xBB, 0x49, 0x4D, 0x5F, 0x43, 0x44, 0x22, 0x80, 0xEE, 0x8C,
        0xF7, 0x13, 0xF1, 0xE3, 0x31, 0xCD, 0xAB, 0x0A, 0x52, 0xE6, 0x9C, 0x7C, 0xFF, 0x4A, 0x79, 0x19,
        0x33, 0xD5, 0x0E, 0x6E, 0x83, 0xD5, 0xFE, 0xCD, 0xF0, 0x1C, 0xCE, 0x8A, 0x9C, 0xE2, 0xFA, 0x98,
        0x36, 0xE6, 0x3C, 0x2D, 0x3C, 0x3A, 0x34, 0x67, 0x0B, 0x56, 0x93, 0x9C, 0x26, 0x99, 0xB9, 0x6B,
        0x00, 0xD8, 0x65, 0x8F, 0x78, 0xF2, 0x4E, 0x54, 0x16, 0xDE, 0x2D, 0xC1, 0x22, 0xFC, 0xF6, 0xE9,
        0x35, 0xB5, 0xA9, 0xAC, 0x85, 0xEE, 0x93, 0x39, 0x28, 0xA1, 0xA1, 0x91, 0xE7, 0x32, 0x52, 0x92,
        0xAE, 0x35, 0x97, 0x4A, 0x64, 0xCC, 0xCE, 0x91, 0xA7, 0xEB, 0xB1, 0x74, 0x7E, 0xF0, 0x37, 0xB1,
        0x31, 0x7C, 0x90, 0x26, 0x58, 0x3B, 0x1E, 0xDD, 0x57, 0xBD, 0xAF, 0x05, 0x6B, 0xF0, 0xBA, 0x83,
        0xBA, 0x03, 0x38, 0x28, 0xFD, 0x43, 0x1B, 0x59, 0x6E, 0xF7, 0x17, 0x0E, 0x15, 0x03, 0xCD, 0x0C,
        0xAD, 0x6D, 0x45, 0x70, 0x36, 0x10, 0x06, 0xE9, 0xCA, 0x90, 0xAF, 0x45, 0x85, 0x27, 0x62, 0x99,
        0x9A, 0xA7, 0xD4, 0x80, 0x3D, 0x51, 0x6A, 0xA1, 0x2F, 0xE9, 0xEF, 0xB4, 0xA6, 0xC0, 0x41, 0xD4,
        0x86, 0xC4, 0x17, 0x8B, 0x1D, 0x33, 0x9A, 0xCB, 0xB6, 0x24, 0x5B, 0x62, 0xB3, 0x5D, 0xFA, 0x3B,
        0xD7, 0x4D, 0x48, 0x49, 0xBD, 0x97, 0xF2, 0x41, 0x89, 0x01, 0x00, 0x6A, 0xBA, 0x5E, 0x8D, 0xFB,
        0x42, 0x0E, 0x0C, 0x77, 0xF7, 0xB7, 0x1D, 0x75, 0xE5, 0xB9, 0x12, 0xAD, 0x5E, 0xCB, 0x68, 0xAE,
        0x36, 0x20, 0x74, 0xA9, 0x31, 0xAB, 0x00, 0x4F, 0x48, 0x6F, 0x64, 0x3B, 0x03, 0x54, 0xE7, 0x95,
        0x12, 0xFD, 0xDB, 0x88, 0x78, 0xF8, 0xCA, 0xFD, 0xF8, 0x09, 0xA2, 0x41, 0xE3, 0x4C, 0x30, 0x23,
        0x93, 0x6A, 0xFB, 0xCA, 0xE8, 0xF4, 0x08, 0xD5, 0x60, 0x87, 0x0B, 0x3E, 0x6A, 0x34, 0xAC, 0x39,
        0xF4, 0x55, 0xAB, 0x35, 0xA1, 0x3C, 0x71, 0x03, 0xFB, 0x44, 0xB5, 0xE4, 0x15, 0x63, 0x97, 0x85,
        0x8C, 0xCC, 0x0D, 0xF4, 0x4E, 0xFF, 0x59, 0x6D, 0xF4, 0x18, 0x28, 0x15, 0xE6, 0xD1, 0x9C, 0x0C,
        0x9F, 0xD6, 0x62, 0xE5, 0xB2, 0x1B, 0xCD, 0x9F, 0xDD, 0x7D, 0xC0, 0x50, 0x0E, 0xF2, 0x0B, 0x29,
        0xB7, 0x25, 0x22, 0x57, 0x7C, 0xC0, 0x78, 0x91, 0x59, 0xD1, 0xFE, 0x8E, 0xBF, 0x5E, 0x4F, 0x3D,
        0x8D, 0x15, 0xCD, 0x3A, 0x67, 0x79, 0xB6, 0x7D, 0x77, 0x2D, 0xDB, 0x66, 0x97, 0x70, 0x8E, 0x76,
        0x10, 0x1A, 0x57, 0x00, 0x48, 0x54, 0xD7, 0x7E, 0x47, 0x9D, 0xAE, 0xA0, 0x14, 0x73, 0x08, 0x06,
        0xA4, 0xE4, 0xA8, 0x15, 0x1F, 0x19, 0xF7, 0x03, 0xB8, 0xEC, 0xC8, 0x80, 0xD4, 0x10, 0x91, 0x67,
        0x0B, 0x25, 0x86, 0xFD, 0x0A, 0xC7, 0xD9, 0xD5, 0xB6, 0x4C, 0x61, 0xB0, 0x6F, 0x97, 0xB9, 0x77,
        0x90, 0xF8, 0xFD, 0xEA, 0x75, 0x20, 0x44, 0x0D, 0x1E, 0x29, 0xFE, 0x04, 0x3F, 0xF8, 0xC0, 0x66,
        0x1E, 0x70, 0x00, 0xCF, 0x3A, 0xA0, 0xEB, 0x46, 0xC6, 0x21, 0x9F, 0x42, 0x2C, 0xBC, 0x23, 0x5B,
        0x6B, 0xF2, 0xA8, 0x56, 0xA4, 0xF0, 0xB0, 0x69, 0x49, 0xF5, 0x4C, 0x65, 0x5D, 0x9C, 0x51, 0x74,
        0x42, 0x41, 0x65, 0xD8, 0x3D, 0xF3, 0xE1, 0x1A, 0x52, 0xB8, 0x46, 0x4F, 0x1F, 0x08, 0xDE, 0x8A,
        0xCC, 0xC0, 0x3D, 0x69, 0x97, 0x1A, 0x43, 0x9E, 0xB4, 0x58, 0xB5, 0x22, 0x93, 0x74, 0xF7, 0xA1,
        0x5C, 0xC2, 0xC3, 0x3C, 0x79, 0xEC, 0x98, 0xF0, 0x63, 0x3F, 0x3E, 0x65, 0xDB, 0xAD, 0xFC, 0xAD,
        0x48, 0x27, 0xFE, 0x8B, 0x10, 0xCF, 0x33, 0x93, 0xC7, 0x1D, 0x5A, 0xCE, 0xDC, 0x80, 0x83, 0x21,
        0x50, 0x19, 0xC2, 0xF1, 0xE8, 0xAA, 0x9B, 0x97, 0x01, 0x08, 0x50, 0x7A, 0xE2, 0xAB, 0x87, 0x8E,
        0xC6, 0x06, 0x84, 0xEC, 0x1F, 0x2E, 0x0E, 0x01, 0x34, 0x69, 0xE9, 0x00, 0x71, 0xC9, 0x07, 0x1D,
        0x6C, 0x28, 0x27, 0x81, 0x2D, 0x2F, 0x68, 0x29, 0x33, 0x12, 0x2B, 0x34, 0x9A, 0x1E, 0xC0, 0x68,
        0xDA, 0x36, 0xF2, 0x58, 0xD7, 0xA9, 0x08, 0x36, 0xC7, 0xAF, 0xB0, 0x7B, 0x63, 0x14, 0x8B, 0x3C,
        0x06, 0xAD, 0x86, 0xB2, 0x2F, 0x9F, 0xD4, 0xD7, 0x37, 0x93, 0x11, 0x36, 0xDD, 0xB4, 0xBB, 0x2E,
        0xD0, 0xFC, 0x2B, 0x57, 0xB9, 0xB3, 0x23, 0x98, 0x6B, 0xD8, 0x06, 0xD1, 0x71, 0x1C, 0xA0, 0xC0,
        0x1C, 0xEF, 0x27, 0xCB, 0xC9, 0x9A, 0x22, 0xC8, 0xF8, 0xD7, 0x6B, 0x0D, 0x27, 0x72, 0x65, 0xFA,
        0xAC, 0x4F, 0xD2, 0x6D, 0xE6, 0xB9, 0xA8, 0x12, 0xD2, 0x6E, 0x1E, 0xF0, 0xCF, 0x33, 0x70, 0x23,
        0x0C, 0x07, 0x44, 0x2D, 0x83, 0x53, 0x00, 0x4C, 0x48, 0x64, 0x26, 0xF6, 0xFD, 0xC0, 0x99, 0x39,
        0x93, 0xB2, 0x37, 0x63, 0x42, 0x6D, 0x55, 0x33, 0x0D, 0xB3, 0x34, 0x6A, 0xE9, 0x8D, 0xEC, 0x9A,
        0xEA, 0x55, 0x86, 0x68, 0x5C, 0x6D, 0x26, 0x1D, 0x47, 0x14, 0xB4, 0xB9, 0x5C, 0x95, 0x78, 0xC9,
        0x0F, 0x43, 0x6A, 0x73, 0x6D, 0x4C, 0x5B, 0xED, 0x9B, 0xAB, 0x58, 0x94, 0x9B, 0x18, 0x51, 0xF4,
        0xFF, 0xE0, 0x6E, 0x0A, 0xDF, 0x07, 0x76, 0x99, 0x5B, 0xA2, 0xE0, 0x3B, 0xDF, 0x34, 0x4F, 0x3A,
        0x80, 0x2D, 0x21, 0x69, 0x9B, 0xD4, 0x98, 0x0F, 0x68, 0x16, 0x44, 0xEF, 0xA3, 0x6C, 0xCC, 0x8C,
        0x1F, 0x55, 0xDB, 0xFE, 0x50, 0x59, 0xB0, 0xC8, 0x90, 0x94, 0x84, 0x56, 0x32, 0x7A, 0x40, 0xFB,
        0x4B, 0x1A, 0x0A, 0xCE, 0x31, 0x17, 0x2B, 0xEB, 0x02, 0xD2, 0xCB, 0x77, 0xB9, 0x83, 0x92, 0x63,
        0x4A, 0xD4, 0xCF, 0x85, 0xF3, 0xDA, 0xB9, 0xB6, 0x0F, 0x5F, 0xE3, 0x73, 0x6F, 0xD3, 0x91, 0x63,
        0xF8, 0x86, 0x30, 0xA9, 0xCC, 0xF1, 0xB8, 0xEC, 0x7B, 0xE4, 0x72, 0x7D, 0x68, 0x49, 0x69, 0xFA,
        0xF7, 0x4F, 0x37, 0x16, 0xAC, 0x8B, 0x43, 0x2A, 0x9F, 0x31, 0x37, 0x96, 0x83, 0xAE, 0x1A, 0x80,
        0x5D, 0xD1, 0xF6, 0xCC, 0x08, 0x24, 0x34, 0x2B, 0xB7, 0xFA, 0x20, 0xEA, 0x3F, 0x90, 0x65, 0x74,
        0xD7, 0xC3, 0x11, 0xFE, 0x25, 0xCE, 0xB2, 0x02, 0x35, 0x76, 0x2B, 0x3C, 0xE2, 0x3B, 0x25, 0x43,
        0x52, 0x57, 0x2C, 0x6E, 0x89, 0xBC, 0xCB, 0x2A, 0x8C, 0xC5, 0xA7, 0x29, 0x17, 0x0C, 0xB9, 0xC3,
        0xF6, 0x22, 0x34, 0xAD, 0xBD, 0x3C, 0x85, 0x71, 0x74, 0x67, 0xEE, 0x84, 0x03, 0xAB, 0x7C, 0x24,
        0x46, 0xF6, 0xD9, 0xA3, 0x49, 0x92, 0x17, 0x94, 0x1B, 0xB9, 0x24, 0x9B, 0x9D, 0xED, 0xD2, 0xC5,
        0x07, 0xB1, 0x77, 0x78, 0x68, 0xC7, 0x14, 0xCD, 0xF5, 0x41, 0xB9, 0x54, 0x14, 0x7B, 0xD8, 0xB8,
        0x7E, 0x7A, 0x78, 0xCC, 0x38, 0x9A, 0x8E, 0x08, 0x6D, 0xE8, 0x0F, 0xFF, 0x77, 0xFB, 0x66, 0xA2,
        0x6D, 0xD9, 0xCD, 0x27, 0xC4, 0x0E, 0x00, 0x8F, 0xDD, 0x38, 0xA3, 0x5A, 0xCD, 0xE7, 0xEA, 0x21,
        0x48, 0x88, 0xB1, 0xE6, 0xB4, 0xD7, 0x7A, 0xF5, 0xB3, 0xC7, 0x2A, 0x51, 0x72, 0x39, 0x97, 0xA1,
        0x24, 0xC5, 0xE8, 0xBF, 0xEE, 0xBA, 0x6D, 0x1F, 0x7B, 0xA4, 0x1D, 0x03, 0x52, 0xB3, 0x96, 0x9F,
        0x35, 0x2A, 0x57, 0xE6, 0x57, 0x06, 0xF1, 0x89, 0x42, 0x34, 0x03, 0x5D, 0xFC, 0x41, 0x00, 0x15,
        0x76, 0x47, 0xB1, 0x5B, 0xDF, 0x47, 0x89, 0xEB, 0xFD, 0x31, 0x98, 0x8B, 0xDD, 0x0A, 0x96, 0x13,
        0x91, 0x1E, 0x83, 0x6C, 0x19, 0x88, 0x6B, 0xE9, 0xAC, 0x65, 0x40, 0xB5, 0x67, 0x9B, 0x21, 0xF5,
        0x73, 0x8A, 0x6B, 0x7E, 0x4B, 0x7C, 0x87, 0xEA, 0x36, 0x8D, 0xDE, 0x7B, 0x21, 0x52, 0x18, 0x37,
        0x67, 0xD8, 0x9C, 0x9D, 0x3C, 0x22, 0x1D, 0x6B, 0x78, 0xE4, 0xB7, 0x96, 0x66, 0xC4, 0xEB, 0x15,
        0x65, 0x08, 0xE4, 0x34, 0x44, 0xDD, 0xA5, 0xBE, 0x00, 0x79, 0xB2, 0x29, 0x3F, 0x8A, 0x52, 0x3E,
        0x24, 0x85, 0x45, 0x49, 0x05, 0x04, 0x7A, 0xBB, 0x50, 0x24, 0xDB, 0x25, 0x2B, 0x30, 0x0C, 0x7E,
        0x87, 0xE4, 0xE0, 0xBA, 0x10, 0xF5, 0x4F, 0x60, 0xA2, 0x21, 0x1D, 0x0F, 0xA4, 0x95, 0xAB, 0xFD,
        0xBE, 0xD8, 0x75, 0x85, 0xF1, 0xD9, 0xAA, 0x93, 0x51, 0xCA, 0x3B, 0xD4, 0x2F, 0x64, 0x2E, 0xD5,
        0xE1, 0xA0, 0x75, 0x99, 0xB7, 0xD5, 0xB0, 0x07, 0xDD, 0x61, 0x89, 0xB6, 0xF7, 0x6E, 0x45, 0xDF,
        0xAD, 0x2C, 0x69, 0x9B, 0x35, 0x80, 0x5B, 0xF0, 0x07, 0x67, 0x48, 0x96, 0xB9, 0x3F, 0xDF, 0x5F,
        0xC7, 0x0E, 0x66, 0xFD, 0x88, 0xF4, 0x53, 0xF9, 0xD2, 0x6D, 0x71, 0x3D, 0x7C, 0x00, 0x6B, 0x5C,
        0x9D, 0x79, 0x27, 0xE6, 0x00, 0xF8, 0xA0, 0x81, 0xF5, 0x9F, 0x27, 0x38, 0xCF, 0xFD, 0xDF, 0x7F,
        0xFC, 0xAC, 0x94, 0x56, 0x39, 0x13, 0x6F, 0x91, 0x38, 0xE6, 0xE4, 0x92, 0xC5, 0xC6, 0xF3, 0x48,
        0x9A, 0xC5, 0xFC, 0x39, 0x05, 0x44, 0xC2, 0x59, 0x47, 0xBD, 0xA9, 0x6D, 0x69, 0x2E, 0x4D, 0x6B,
        0x60, 0x69, 0x30, 0x87, 0xD5, 0x19, 0x3F, 0x6A, 0x5A, 0x39, 0x3B, 0x85, 0x4A, 0x64, 0x83, 0x6C,
        0x62, 0x61, 0x9E, 0xEE, 0x78, 0x8D, 0xAA, 0xA3, 0xA4, 0x03, 0x2A, 0xC7, 0xA8, 0xD7, 0xFC, 0x6D,
        0xC6, 0x7D, 0x31, 0x20, 0xC5, 0xAF, 0xC5, 0xEF, 0x98, 0x84, 0x48, 0x93, 0x18, 0x85, 0x41, 0x33,
        0x27, 0x41, 0xAD, 0xEA, 0x33, 0xF9, 0xEC, 0xBE, 0xDE, 0xAD, 0x04, 0x8E, 0xF2, 0x9B, 0xDD, 0x7B,
        0x1E, 0x5B, 0xC5, 0x9B, 0xF8, 0x49, 0x12, 0xCD, 0x0D, 0x48, 0xB3, 0xD6, 0x18, 0x14, 0x79, 0xDD,
        0xF8, 0x48, 0x82, 0x16, 0xA7, 0xB3, 0x12, 0xF8, 0x3F, 0x84, 0xC0, 0xC6, 0xED, 0xEC, 0xD7, 0xC3,
        0x4D, 0x72, 0xE3, 0x74, 0xA6, 0x20, 0x0A, 0x90, 0xDC, 0x5A, 0x32, 0x6C, 0x38, 0xFE, 0xEB, 0x5E,
        0x77, 0xEA, 0x72, 0xB8, 0x73, 0xE2, 0xED, 0x3F, 0xB0, 0xC4, 0xAC, 0x65, 0x89, 0xF8, 0xC8, 0xC2,
        0x11, 0x9E, 0xDB, 0xD4, 0x36, 0xF1, 0x76, 0x27, 0xF8, 0x04, 0x8B, 0x2B, 0x27, 0x93, 0xC9, 0xFC,
        0xE0, 0x90, 0x6C, 0x5D, 0x45, 0x36, 0xB1, 0xFD, 0x3D, 0x9D, 0xCC, 0xC3, 0xE8, 0x75, 0xCB, 0x7B,
        0x02, 0x56, 0x6E, 0xF2, 0xF9, 0x36, 0xDE, 0xF8, 0xA1, 0x5F, 0x6D, 0x86, 0xFF, 0xDE, 0xD5, 0x1B,
        0x86, 0x78, 0xBE, 0xCE, 0x60, 0x20, 0xB9, 0x9A, 0x72, 0xB6, 0xF7, 0x9C, 0x1A, 0x04, 0x06, 0x28,
        0xB7, 0x95, 0x4A, 0xE9, 0x2A, 0x95, 0x95, 0x41, 0xF2, 0x1D, 0x5D, 0xF8, 0x63, 0x95, 0x3F, 0x22,
        0x8B, 0x45, 0x74, 0xC3, 0xFA, 0xF1, 0x73, 0x0D, 0xF6, 0x06, 0x4F, 0x56, 0x6F, 0xE2, 0x21, 0xA3,
        0x9F, 0x63, 0xE1, 0x66, 0x2C, 0xC8, 0xA5, 0x44, 0x7D, 0x55, 0x66, 0xE0, 0xC7, 0x0A, 0x3A, 0x00,
        0x45, 0x85, 0xED, 0x69, 0x82, 0x74, 0xAC, 0xF0, 0xF1, 0x9D, 0xCB, 0x15, 0xCC, 0x59, 0x48, 0xDD,
        0xEB, 0x8D, 0x77, 0x8F, 0xD6, 0x0F, 0x42, 0x3E, 0x5D, 0xDB, 0x65, 0xD8, 0xA6, 0xD8, 0xC9, 0xD4,
        0x37, 0x3B, 0xEB, 0xB2, 0x33, 0x22, 0x5C, 0xEF, 0xC1, 0xC1, 0x6B, 0x08, 0xF5, 0x1D, 0xFE, 0x9B,
        0x2C, 0x3F, 0xA9, 0xE0, 0x9A, 0x5B, 0x00, 0x71, 0xB7, 0x1B, 0xDF, 0xF2, 0x71, 0x40, 0x79, 0x7F,
        0x53, 0xE0, 0x9E, 0xC8, 0xA8, 0xB0, 0x05, 0xC7, 0x2A, 0x30, 0x68, 0x84, 0x17, 0x35, 0x1D, 0x0D,
        0xF8, 0x21, 0x8C, 0xC6, 0x85, 0x62, 0x5C, 0x66, 0x6D, 0x6C, 0x76, 0x11, 0x05, 0x0D, 0xE9, 0xCA,
        0x38, 0x61, 0x61, 0xEB, 0xD2, 0xEB, 0xDA, 0x64, 0xD3, 0x78, 0xFF, 0xF1, 0xFA, 0x54, 0xEB, 0x6D,
        0x84, 0xF4, 0xF2, 0x9C, 0xF7, 0x36, 0xDA, 0x4C, 0xDC, 0x55, 0xD5, 0xDA, 0x95, 0xC8, 0x8C, 0xF3,
        0x4E, 0x81, 0xF5, 0x9D, 0xDE, 0x53, 0x70, 0xFA, 0x4D, 0xFA, 0x0B, 0xEB, 0x6A, 0x66, 0xC9, 0xAF,
        0xE1, 0x2A, 0x65, 0xA9, 0x89, 0x2C, 0x16, 0xBD, 0x0B, 0xFF, 0x62, 0x42, 0xC2, 0xA8, 0xAE, 0xF3,
        0x81, 0x1A, 0xD0, 0x0B, 0x59, 0x65, 0xD5, 0x12, 0x7E, 0xEA, 0x6A, 0xBB, 0x00, 0x9C, 0x1B, 0xBE,
        0xC7, 0x1D, 0xD3, 0x6E, 0x14, 0xE5, 0x73, 0x44, 0x6E, 0xD0, 0x9B, 0xEC, 0x57, 0x47, 0x4A, 0x86,
        0x20, 0x67, 0xE2, 0xF9, 0x76, 0x57, 0x49, 0xF2, 0x06, 0x50, 0x1F, 0x2D, 0xFF, 0x45, 0x41, 0xDE,
        0x3E, 0x37, 0xBC, 0x56, 0xED, 0x96, 0x1F, 0xAC, 0x05, 0xF7, 0x84, 0x3B, 0x08, 0x73, 0x2A, 0x39,
        0x33, 0xCD, 0x6B, 0xE2, 0x39, 0x94, 0xDF, 0xD3, 0x40, 0x9B, 0x88, 0xFB, 0xE3, 0x13, 0x9C, 0x37,
        0x59, 0x69, 0xF1, 0xBA, 0x1D, 0x40, 0xA7, 0xA2, 0x56, 0x24, 0x8F, 0x6F, 0x81, 0xF4, 0x6D, 0xF7,
        0x95, 0x2C, 0xC0, 0x87, 0xDD, 0xE3, 0x24, 0x38, 0x22, 0x69, 0xDC, 0x17, 0xFA, 0x21, 0xD8, 0x2D,
        0x5E, 0xAC, 0x36, 0x69, 0xB8, 0x64, 0x1F, 0xF7, 0x2C, 0xE0, 0x1D, 0x0A, 0xE9, 0xAF, 0x5E, 0x2C,
        0x12, 0x32, 0xC9, 0x3F, 0xD9, 0x30, 0x0C, 0x05, 0x78, 0x01, 0x92, 0x40, 0xEC, 0x1E, 0x5C, 0x59,
        0x75, 0x57, 0x8E, 0x8E, 0x6B, 0xE0, 0x4D, 0x79, 0xA3, 0x36, 0xC1, 0xA8, 0x7C, 0xA7, 0x4A, 0x51,
        0x3D, 0xFB, 0xC9, 0xA7, 0xEB, 0x07, 0x37, 0x82, 0xAB, 0x97, 0xA6, 0xF2, 0x34, 0x6F, 0x50, 0xEA,
        0xDB, 0x2C, 0x46, 0x17, 0x16, 0x83, 0xCB, 0xB7, 0x6D, 0x0B, 0xBB, 0xA5, 0x84, 0x9D, 0x66, 0xC8,
        0x48, 0xD7, 0x55, 0x42, 0xD0, 0x66, 0xF5, 0xEB, 0x46, 0x15, 0x00, 0xD5, 0xBA, 0xF7, 0xAB, 0x28,
        0x6F, 0xFF, 0x15, 0x17, 0x0A, 0x58, 0x74, 0x15, 0xB6, 0x1F, 0x75, 0x79, 0x93, 0xF2, 0x5E, 0x35,
        0xF5, 0xBC, 0x84, 0xFC, 0xCD, 0x4E, 0x0E, 0x70, 0x46, 0x0B, 0x53, 0xC7, 0x4E, 0x6E, 0x98, 0x6A,
        0x04, 0x1D, 0x87, 0xD6, 0x5A, 0x01, 0x5C, 0x70, 0x5C, 0x3F, 0xA4, 0xBE, 0x54, 0xBC, 0x1B, 0xB2,
        0xC6, 0x30, 0x23, 0x80, 0x6F, 0x37, 0xA5, 0x6A, 0x03, 0x50, 0x18, 0xB0, 0x4D, 0xB8, 0x20, 0x83,
        0xF1, 0xF0, 0xA0, 0xDF, 0x64, 0x98, 0xDE, 0xAE, 0xB2, 0x17, 0x92, 0x78, 0x69, 0x09, 0xD7, 0x97,
        0xAD, 0x91, 0xBB, 0x7B, 0x2E, 0x23, 0x8C, 0x79, 0x3F, 0x70, 0x3D, 0x42, 0x6D, 0x63, 0x35, 0x2E,
        0xBC, 0x2B, 0xDB, 0x22, 0xEF, 0x9C, 0x1D, 0x62, 0x78, 0xB6, 0xF1, 0xAD, 0x96, 0x58, 0xB6, 0xAD,
        0x6E, 0xE0, 0x88, 0x69, 0x00, 0xE0, 0xDB, 0x6D, 0x7B, 0x86, 0x85, 0x29, 0xE3, 0x01, 0xAB, 0x56,
        0x4B, 0xB2, 0x33, 0x3E, 0x69, 0xE9, 0x00, 0x3E, 0x6F, 0xC3, 0xED, 0x2E, 0x3F, 0x9C, 0x2B, 0x35,
        0xF0, 0x69, 0xC0, 0x7C, 0x82, 0x8F, 0x9C, 0xFF, 0xD9, 0x7C, 0x7E, 0xDC, 0xAA, 0x1E, 0x51, 0x69,
        0xD4, 0x24, 0x43, 0x66, 0x06, 0x66, 0xE4, 0x22, 0xF4, 0x42, 0x30, 0x59, 0x30, 0x75, 0x6A, 0x1E,
        0x78, 0xA1, 0x94, 0x0C, 0x7E, 0x7C, 0x0B, 0x5F, 0x3C, 0x2C, 0xAC, 0x9D, 0xFD, 0x36, 0x1B, 0xE7,
        0x22, 0x9A, 0x3B, 0xC6, 0x41, 0x75, 0x5F, 0xB6, 0x60, 0xD0, 0x43, 0xBB, 0x8C, 0xD5, 0xBB, 0x68,
        0x54, 0x9B, 0x90, 0x45, 0xF1, 0x2C, 0xA4, 0x20, 0x55, 0xF8, 0x08, 0xB5, 0x01, 0xFB, 0x65, 0x18,
        0x6E, 0x6D, 0xD7, 0x09, 0x6C, 0x11, 0x05, 0x36, 0xB3, 0x80, 0x46, 0x93, 0x62, 0x92, 0x73, 0x8E,
        0x0D, 0x91, 0x82, 0xFA, 0x1A, 0x2E, 0xE1, 0x4C, 0x38, 0x29, 0xD0, 0xD3, 0xBA, 0x72, 0x70, 0xB3,
        0xB8, 0xED, 0x8C, 0x0C, 0x9E, 0x67, 0x9E, 0xCA, 0xE3, 0x46, 0x5A, 0xFE, 0x98, 0xF4, 0x6C, 0xF4,
        0x87, 0x70, 0xE1, 0xCD, 0xD8, 0x12, 0x7D, 0x5F, 0xCF, 0x0F, 0xA6, 0x9F, 0xCB, 0x91, 0xFF, 0x9F,
        0xBC, 0x2C, 0xE6, 0x49, 0xAA, 0xEF, 0x73, 0x0F, 0xA6, 0x59, 0xDE, 0x9C, 0x44, 0x06, 0x09, 0xDF,
        0xB2, 0xA9, 0x24, 0x72, 0xA9, 0x42, 0x82, 0x11, 0x08, 0x7D, 0x40, 0xFD, 0x78, 0x84, 0xA8, 0xDA,
        0x8D, 0x22, 0x88, 0x0C, 0xD5, 0x30, 0xAB, 0xA4, 0xAD, 0x4D, 0xC6, 0x34, 0x3D, 0xC0, 0xB3, 0xB4,
        0x58, 0x1D, 0x37, 0xD9, 0x74, 0x8D, 0x81, 0x6A, 0x73, 0x52, 0xEA, 0x5B, 0x1D, 0x62, 0x79, 0x29,
        0x35, 0x60, 0xB3, 0xFC, 0xED, 0xB6, 0x63, 0xAF, 0x05, 0x33, 0xB1, 0x4D, 0x89, 0x83, 0xE6, 0x4D,
        0xED, 0x17, 0x7A, 0x53, 0xF7, 0x49, 0xE0, 0xEF, 0x73, 0x88, 0x4C, 0x55, 0x57, 0x36, 0xC3, 0xDD,
        0xFE, 0xE9, 0x02, 0xE3, 0x6C, 0xA8, 0xB6, 0x52, 0x8D, 0x40, 0x30, 0x2A, 0xBE, 0xA3, 0x74, 0x46,
        0x39, 0x06, 0xF2, 0x05, 0x49, 0x35, 0xE1, 0xC5, 0xF0, 0xFA, 0x8A, 0x21, 0x18, 0x8A, 0xE5, 0x8E,
        0xF6, 0x66, 0xB0, 0xCA, 0x85, 0x5E, 0xA7, 0x19, 0x86, 0x7A, 0x46, 0xC6, 0xB3, 0x1E, 0xA2, 0xC9,
        0x2C, 0xDE, 0xB7, 0x7A, 0x52, 0x2E, 0x21, 0xD5, 0x9A, 0xFC, 0x06, 0x49, 0x11, 0x72, 0xE1, 0xD2,
        0x31, 0xCA, 0xF1, 0xD9, 0x2E, 0x70, 0xE0, 0xCC, 0xF9, 0x28, 0x36, 0x93, 0x01, 0xCF, 0xB4, 0xDD,
        0xB4, 0x65, 0x84, 0x05, 0x2C, 0x84, 0x12, 0x0D, 0x04, 0xD6, 0x7E, 0x47, 0xA7, 0xBA, 0x24, 0xD6,
        0x9C, 0xB3, 0x0A, 0x39, 0x6D, 0x5A, 0x7A, 0xB7, 0xD8, 0xB5, 0x94, 0xF1, 0x00, 0xC7, 0xBE, 0x9D,
        0x17, 0x5C, 0x94, 0xCC, 0xE4, 0xA3, 0xEC, 0x43, 0x8B, 0xFE, 0x7D, 0x05, 0x6A, 0x70, 0xA3, 0xAA,
        0xBD, 0x18, 0x17, 0xC7, 0x95, 0x47, 0x14, 0x6A, 0xC5, 0xE4, 0x5C, 0xCC, 0x4B, 0xD0, 0xD4, 0xA5,
        0x49, 0xB2, 0x15, 0x58, 0x7F, 0x75, 0x38, 0xA0, 0xFE, 0xCB, 0x75, 0x8C, 0x59, 0x77, 0x94, 0xBC,
        0xD3, 0xA6, 0x2D, 0x99, 0x85, 0x5D, 0x51, 0x2C, 0x60, 0x69, 0xA8, 0x5A, 0x3A, 0x29, 0x3B, 0xA9,
        0x2C, 0xD8, 0x8F, 0x35, 0xF3, 0xD4, 0x99, 0x6A, 0xD0, 0x33, 0x91, 0x5D, 0x29, 0x1C, 0x21, 0xD0,
        0x8D, 0x26, 0xFF, 0x23, 0xC5, 0xFD, 0x48, 0xA7, 0x16, 0xDC, 0x56, 0xD7, 0x81, 0x3E, 0x6B, 0xF6,
        0x38, 0x60, 0x50, 0xFE, 0x7F, 0x91, 0x7F, 0x7F, 0x30, 0x50, 0x97, 0xAC, 0x8A, 0xAD, 0x1D, 0xDE,
        0x56, 0x28, 0xD3, 0xE3, 0x2B, 0x22, 0x66, 0xB6, 0x59, 0x37, 0x7E, 0xE6, 0xDA, 0xDB, 0x48, 0xB8,
        0x3F, 0xA6, 0xE3, 0x86, 0xEC, 0xA3, 0x69, 0xFF, 0x38, 0xFC, 0x62, 0x34, 0xBA, 0xA0, 0x5E, 0xBF,
        0xEF, 0x8B, 0x91, 0xE9, 0x51, 0x21, 0x0E, 0x47, 0x0A, 0x92, 0x4D, 0x45, 0x77, 0x09, 0x50, 0x7A,
        0xD7, 0x62, 0x81, 0x70, 0x4F, 0xFF, 0xC7, 0xF4, 0xC3, 0xEC, 0x1D, 0xD8, 0xFF, 0x46, 0x27, 0x1F,
        0x89, 0x05, 0xB4, 0xFE, 0x99, 0xEC, 0x6F, 0xAF, 0x43, 0xC9, 0xFD, 0xAE, 0x2E, 0x74, 0x32, 0xE8,
        0x34, 0xE7, 0xD8, 0x0B, 0xA0, 0x67, 0x89, 0xFE, 0xF8, 0x0E, 0xBA, 0x46, 0x0C, 0x6D, 0xF8, 0x8E,
        0x44, 0x85, 0x49, 0xBC, 0xA6, 0x5E, 0x13, 0x8B, 0x1D, 0xF3, 0x99, 0xA9, 0x1B, 0x1A, 0x1F, 0xAC,
        0x6D, 0xF6, 0xCB, 0x6E, 0xDB, 0xFB, 0x20, 0x32, 0x29, 0xB6, 0x78, 0xAE, 0x16, 0xED, 0xEC, 0x9C,
        0x54, 0x33, 0x60, 0xCF, 0xDF, 0x25, 0xBB, 0x98, 0xAF, 0xBB, 0x95, 0xF5, 0x20, 0x06, 0x9B, 0xBB,
        0xF3, 0xEC, 0xCC, 0x9B, 0xFD, 0xCB, 0xFB, 0xCE, 0xCC, 0x86, 0x7D, 0x9F, 0x15, 0xE5, 0x6C, 0x27,
        0xDD, 0xC3, 0x4F, 0x49, 0x94, 0x92, 0xFF, 0x03, 0xAB, 0x7D, 0xCE, 0x80, 0xB4, 0xE8, 0x4A, 0xDD,
        0xE5, 0x44, 0x24, 0xE2, 0x33, 0xBC, 0x02, 0x43, 0xDA, 0xC9, 0x13, 0xE5, 0x77, 0x46, 0xB4, 0x7A,
        0x40, 0x29, 0xC6, 0xE9, 0xC7, 0xAB, 0x4A, 0x0D, 0x1C, 0x20, 0xA7, 0x15, 0x55, 0x7A, 0x9B, 0x7E,
        0x14, 0xAC, 0xFA, 0xF0, 0xC9, 0x53, 0x18, 0x93, 0x1D, 0x74, 0x58, 0xD5, 0xC4, 0xC5, 0x65, 0x89,
        0x03, 0xA7, 0xF9, 0xA4, 0xC8, 0xED, 0x3F, 0xAD, 0x96, 0xB5, 0x36, 0x37, 0x85, 0x43, 0xA4, 0xBD,
        0x26, 0xD9, 0xA7, 0xB4, 0xA9, 0x8E, 0x0B, 0xE1, 0x5D, 0x18, 0x8D, 0x67, 0xD3, 0xC7, 0x05, 0xE5,
        0xE8, 0xC8, 0xB1, 0xA7, 0x75, 0xB5, 0x70, 0x7B, 0x8E, 0x54, 0x18, 0x1D, 0x35, 0x7E, 0xC7, 0x19,
        0x08, 0x59, 0xF3, 0x17, 0x52, 0x55, 0x77, 0x0A, 0xBF, 0x7C, 0x8F, 0x53, 0xF3, 0x45, 0x8B, 0xCE,
        0xC8, 0x0B, 0x87, 0x6D, 0x3E, 0x61, 0x48, 0x85, 0x34, 0xFB, 0xE5, 0x7C, 0x6D, 0x09, 0x69, 0xB1,
        0x58, 0x63, 0x2C, 0x25, 0x36, 0x95, 0xB8, 0x25, 0x4F, 0xFD, 0xD6, 0x1E, 0xEB, 0xA8, 0xD7, 0xE9,
        0xA5, 0x15, 0xF0, 0xF7, 0xFB, 0x7A, 0xED, 0x57, 0xCE, 0x66, 0x87, 0x86, 0xBC, 0xBB, 0xB1, 0xAE,
        0xA1, 0xDD, 0xF6, 0x99, 0x0B, 0xBD, 0xDE, 0xC7, 0x97, 0xD2, 0x17, 0x55, 0xDC, 0x6C, 0xA5, 0x9A,
        0xBF, 0xE5, 0x36, 0xA2, 0x47, 0x1D, 0xD4, 0x00, 0x6F, 0xED, 0xFE, 0x78, 0xDC, 0xD2, 0x0F, 0x02,
        0xCC, 0x8E, 0x4A, 0xA3, 0x6F, 0x95, 0x16, 0xF9, 0x02, 0xE8, 0x69, 0x94, 0x2D, 0xD1, 0x6C, 0xAF,
        0xD5, 0xFE, 0x1D, 0x6E, 0x46, 0xDD, 0x3C, 0x77, 0x8D, 0xF5, 0x0A, 0xFD, 0x80, 0xC6, 0xC9, 0xA0,
        0x42, 0x53, 0x7F, 0x3A, 0x04, 0x48, 0x17, 0xBE, 0x8C, 0xBA, 0xA4, 0x49, 0x35, 0xB8, 0x72, 0x75,
        0xF1, 0xD4, 0xC9, 0x05, 0xBC, 0xDB, 0x0F, 0x5F, 0x48, 0x24, 0x31, 0x65, 0x62, 0x66, 0x2E, 0x47,
        0x5C, 0xCC, 0xA7, 0x34, 0x42, 0x50, 0x73, 0x5D, 0xFC, 0x2E, 0x82, 0xB7, 0x00, 0x2F, 0x67, 0xBC,
        0x89, 0x3B, 0xB7, 0x44, 0x8A, 0xC0, 0x41, 0xC1, 0x3D, 0x58, 0xDA, 0x34, 0x1A, 0x91, 0x17, 0x6B,
        0x31, 0x67, 0x37, 0xC7, 0x58, 0xB1, 0xF5, 0x28, 0xE6, 0xC0, 0x30, 0xC2, 0xC4, 0x13, 0x5D, 0x4D,
        0xE7, 0x2A, 0x79, 0x23, 0xB5, 0x2C, 0x4E, 0x11, 0x3D, 0xE6, 0xBD, 0x88, 0xBA, 0xF2, 0xF9, 0x41,
        0xB0, 0xF8, 0x72, 0x0B, 0x4D, 0x4F, 0x14, 0xF2, 0x49, 0x70, 0x8A, 0x01, 0xD3, 0x9F, 0x18, 0x98,
        0xD9, 0xA8, 0x32, 0x84, 0xF3, 0xD1, 0x24, 0x01, 0xBA, 0x7C, 0xC6, 0xE6, 0x3C, 0xFF, 0x35, 0xA6,
        0x3F, 0x17, 0x91, 0x47, 0x80, 0x68, 0x7D, 0x0D, 0x3F, 0x46, 0xDE, 0xAF, 0x85, 0xB0, 0x75, 0xFD,
        0x03, 0x5C, 0xBB, 0x7B, 0xA5, 0xE3, 0xB8, 0xC4, 0xC1, 0xDB, 0xE4, 0x22, 0xB7, 0x64, 0xD2, 0xAA,
        0x1B, 0x91, 0xAF, 0x60, 0xE6, 0x1B, 0x93, 0xAC, 0x7E, 0xB7, 0x5B, 0xA9, 0x84, 0xF6, 0x24, 0x10,
        0x57, 0x05, 0x5F, 0x9C, 0x2F, 0xA1, 0xC9, 0xE4, 0x9C, 0x5D, 0xFF, 0x79, 0x01, 0xE7, 0x6A, 0x98,
        0xEA, 0x68, 0x86, 0x56, 0x1B, 0x77, 0xBC, 0xD4, 0xE6, 0xDC, 0xB2, 0xFD, 0xD2, 0x41, 0xAB, 0xCE,
        0xDE, 0x3D, 0xB9, 0xB9, 0x4A, 0xC8, 0x36, 0x71, 0xEE, 0x06, 0x25, 0xA2, 0x7F, 0x62, 0x6E, 0x8C,
        0xE0, 0xC0, 0xC5, 0x05, 0x9F, 0x8E, 0x08, 0x19, 0xF2, 0x45, 0xC6, 0xE1, 0x0A, 0x1C, 0x82, 0x2C,
        0x65, 0x91, 0x69, 0xE4, 0xE3, 0x64, 0x76, 0x1F, 0x69, 0x0F, 0x9B, 0xB1, 0xD2, 0xB4, 0x97, 0xD2,
        0x1C, 0x40, 0xFC, 0x1D, 0x31, 0x11, 0xCD, 0x4B, 0xD8, 0x38, 0xFA, 0x5F, 0x95, 0xB4, 0x69, 0x2F,
        0xAB, 0x6B, 0x44, 0xB9, 0x69, 0x31, 0xF7, 0x1F, 0x3E, 0x44, 0x02, 0xC2, 0x9F, 0x40, 0xA2, 0x33,
        0x5B, 0xC3, 0xCD, 0x99, 0x7A, 0xFA, 0xCE, 0x10, 0x1F, 0xDD, 0x9D, 0x71, 0xAF, 0xD6, 0x94, 0x31,
        0xBD, 0xDE, 0x08, 0xB7, 0xDB, 0xBE, 0x5B, 0xAB, 0x3E, 0x83, 0xB0, 0x6F, 0x58, 0x83, 0x19, 0x9B,
        0xDE, 0x29, 0xBF, 0x91, 0x22, 0xB4, 0x75, 0xFA, 0x0B, 0xF5, 0xA1, 0x5A, 0xF7, 0x9D, 0x5A, 0x5B,
        0xDD, 0xC0, 0x1C, 0x1B, 0xA9, 0xF4, 0xF5, 0xA5, 0x99, 0x55, 0x53, 0x33, 0x62, 0x3C, 0xA5, 0x4A,
        0x2A, 0xBC, 0xD0, 0x18, 0x4A, 0x52, 0xE4, 0xB2, 0xAD, 0x44, 0xEE, 0x6C, 0x81, 0x9E, 0x21, 0x53,
        0x55, 0x0E, 0x56, 0x32, 0xE8, 0x3F, 0x99, 0xB0, 0x3A, 0xD3, 0xCB, 0xDB, 0x56, 0x44, 0xB4, 0xE8,
        0x0C, 0x32, 0x53, 0x4B, 0xB9, 0x81, 0xB7, 0xFA, 0xD7, 0x14, 0x64, 0x34, 0xD8, 0x91, 0x3A, 0xA4,
        0x5B, 0xF2, 0xBA, 0xA1, 0x43, 0x56, 0x3F, 0xD2, 0xD5, 0x63, 0x1E, 0x4A, 0xE0, 0x9F, 0x70, 0xE8,
        0xD5, 0x14, 0x84, 0x7F, 0x03, 0x4C, 0x18, 0xCF, 0xAE, 0x12, 0x3D, 0x07, 0x15, 0xE8, 0x27, 0x32,
        0x66, 0x38, 0xBD, 0x8B, 0xEB, 0x6D, 0x4F, 0xF5, 0xF4, 0xD1, 0x5A, 0x12, 0xAF, 0x5E, 0x94, 0xB8,
        0x1C, 0xB7, 0xFE, 0xD2, 0xCA, 0xDA, 0xA7, 0x8A, 0x21, 0x11, 0x61, 0x40, 0x84, 0xA2, 0xB2, 0xA5,
        0x32, 0x1D, 0x57, 0x02, 0xD9, 0x8E, 0xBC, 0xE1, 0xC2, 0xD2, 0x23, 0x75, 0xE4, 0x85, 0xBF, 0x74,
        0xE7, 0x65, 0xA9, 0x59, 0xFE, 0xB1, 0xA3, 0x88, 0xA6, 0x50, 0x6D, 0x58, 0xF7, 0xAF, 0xA3, 0x8D,
        0x91, 0x51, 0x36, 0xED, 0x13, 0x52, 0x07, 0x89, 0xA6, 0xCA, 0xDA, 0xA9, 0xE6, 0xCF, 0xEC, 0xFA,
        0x18, 0xE7, 0x07, 0x3C, 0xB3, 0x82, 0x24, 0x9E, 0xD3, 0x81, 0x2A, 0x0A, 0xF7, 0x90, 0xF2, 0xF9,
        0x11, 0x01, 0xDC, 0x8D, 0x44, 0x97, 0x42, 0x8F, 0x32, 0x99, 0x7C, 0xF7, 0x0A, 0xCA, 0x46, 0x4D,
        0x51, 0x85, 0x14, 0x6B, 0xF3, 0x2D, 0x10, 0x9C, 0x75, 0x72, 0xF4, 0xE2, 0x5A, 0xFF, 0x5F, 0x88,
        0x58, 0x2A, 0x6E, 0x08, 0x22, 0x9D, 0xE2, 0x69, 0xA1, 0xAA, 0x6A, 0xA6, 0x0C, 0x80, 0x6D, 0x1C,
        0xA1, 0xB2, 0x08, 0x34, 0x42, 0x20, 0x7C, 0x5B, 0x80, 0x7C, 0x03, 0x27, 0xFD, 0x11, 0xA5, 0xAF,
        0x3E, 0x77, 0x6A, 0x1D, 0x41, 0x3D, 0x12, 0x33, 0x73, 0x42, 0xD2, 0x04, 0xB6, 0x04, 0x72, 0x02,
        0x15, 0x4E, 0x18, 0x86, 0x40, 0x15, 0xE3, 0x9A, 0xEA, 0x5D, 0xED, 0xC1, 0x7D, 0x1F, 0x10, 0x64,
        0x2B, 0x66, 0xD4, 0x73, 0x5A, 0x5F, 0x5D, 0x61, 0x8E, 0x02, 0xFF, 0x9E, 0x52, 0x4A, 0x4C, 0xA5,
        0x31, 0xE8, 0xC0, 0x20, 0xE8, 0x43, 0x4E, 0xB1, 0xF5, 0x74, 0x54, 0x64, 0x92, 0x25, 0x8F, 0xAD,
        0x11, 0xED, 0x92, 0x68, 0xC6, 0xB9, 0x73, 0xF7, 0xB6, 0x85, 0xF7, 0xDE, 0xCC, 0x74, 0xFF, 0x87,
        0xB7, 0x33, 0x70, 0x15, 0xD4, 0x77, 0x3A, 0x65, 0x8C, 0xF9, 0xFA, 0x49, 0x07, 0x1F, 0xC1, 0xDC,
        0xE6, 0x13, 0xA6, 0xEE, 0x4C, 0xCA, 0x45, 0x85, 0xB8, 0xCB, 0x02, 0x61, 0x67, 0xEF, 0x55, 0xF6,
        0x9C, 0xBC, 0x69, 0xC4, 0x11, 0x6A, 0x9B, 0x78, 0x01, 0x36, 0x21, 0x4C, 0x84, 0xE9, 0x1B, 0xEE,
        0x27, 0xDC, 0x97, 0x8A, 0x6F, 0x62, 0x64, 0xF0, 0x4F, 0x69, 0xFE, 0xA6, 0x2B, 0x60, 0x27, 0x80,
        0xC5, 0xFC, 0x52, 0xD5, 0x4B, 0x48, 0x13, 0x43, 0xB0, 0x90, 0x94, 0x5F, 0x57, 0x7A, 0xE2, 0x17,
        0xA7, 0x3F, 0xA3, 0x61, 0x51, 0x04, 0xF6, 0x45, 0xED, 0x63, 0xA1, 0xC6, 0xA7, 0x34, 0xC0, 0x22,
        0xC4, 0x5D, 0x94, 0xA1, 0xF6, 0x1C, 0x50, 0x1F, 0xA2, 0x55, 0xF1, 0x2C, 0x89, 0x2C, 0x43, 0x8F,
        0x48, 0x63, 0xBF, 0x93, 0xE1, 0x08, 0xFF, 0x6C, 0x72, 0xE9, 0x3A, 0x30, 0x03, 0x66, 0x54, 0x80,
        0xE2, 0xD1, 0xAF, 0x0B, 0xAE, 0xD1, 0x2C, 0xCA, 0x51, 0x33, 0x8B, 0x1A, 0x62, 0x44, 0x83, 0x4B,
        0x42, 0x9B, 0x3A, 0xF8, 0x05, 0x70, 0xAC, 0x31, 0x2C, 0xAF, 0xAE, 0x90, 0x4B, 0x46, 0xD2, 0x0C,
        0xA1, 0xA9, 0x7C, 0x7F, 0xEE, 0x38, 0x50, 0x4D, 0xB5, 0xCB, 0xC0, 0x4D, 0xFC, 0x31, 0x33, 0x8F,
        0x8A, 0xE9, 0xCF, 0x4E, 0x14, 0x0D, 0xA8, 0x45, 0x43, 0x88, 0xB4, 0x60, 0x96, 0xA7, 0xCD, 0x87,
        0xE1, 0xFA, 0x18, 0xCE, 0x56, 0x81, 0x93, 0x47, 0x1B, 0x91, 0xBC, 0x60, 0x33, 0xC2, 0x36, 0xC0,
        0x7D, 0x87, 0x21, 0xE3, 0xDB, 0x44, 0x7C, 0x2D, 0x6A, 0xDC, 0xDA, 0xC9, 0xD9, 0x5C, 0x34, 0x4E,
        0xAA, 0x0F, 0x34, 0x89, 0x46, 0x49, 0xCE, 0xC5, 0x39, 0x33, 0xAC, 0x2E, 0x19, 0x2B, 0x4E, 0x60,
        0x06, 0x05, 0xD8, 0xCB, 0x81, 0xA1, 0xBF, 0x53, 0xE7, 0x55, 0x0F, 0xE7, 0xD7, 0xD1, 0x81, 0xA8,
        0x54, 0x89, 0x0C, 0x8A, 0x0B, 0x06, 0xAE, 0x0B, 0x14, 0x3D, 0x78, 0x54, 0xE7, 0xF1, 0xDA, 0x3D,
        0x68, 0x83, 0x71, 0xE5, 0xFB, 0xC5, 0x2D, 0x3F, 0x00, 0xD5, 0x49, 0x49, 0x34, 0x3A, 0x2F, 0x45,
        0x7A, 0xB0, 0x5F, 0x27, 0x58, 0xBA, 0x9C, 0x3C, 0xA4, 0x4D, 0x94, 0x4F, 0x8A, 0x57, 0x12, 0xBB,
        0xFE, 0x78, 0x55, 0x43, 0xBB, 0x13, 0xDA, 0xCD, 0x90, 0xBA, 0xC8, 0xAB, 0xB1, 0xF4, 0xC5, 0xF0,
        0xC4, 0x34, 0x0B, 0x23, 0x5C, 0x66, 0x58, 0x18, 0xF5, 0xA7, 0x18, 0x22, 0xDA, 0xC3, 0xC6, 0x18,
        0x02, 0x76, 0x4B, 0x3A, 0xEE, 0x28, 0xF9, 0x0E, 0x9F, 0xB5, 0xBF, 0xAF, 0x15, 0x35, 0x23, 0x69,
        0x76, 0xB3, 0x2E, 0x3F, 0x17, 0x24, 0x50, 0xD0, 0x55, 0x23, 0x21, 0x15, 0xB0, 0x30, 0x4F, 0x09,
        0x79, 0x5D, 0xCB, 0xC2, 0xD8, 0xAF, 0x5C, 0xDC, 0x25, 0x9D, 0x9C, 0xBB, 0x9A, 0x15, 0xDC, 0x61,
        0x38, 0x67, 0xF6, 0x0F, 0xFA, 0xE3, 0xEF, 0x3D, 0x6F, 0x2D, 0x06, 0x46, 0x44, 0x74, 0x08, 0xBB,
        0x50, 0xE2, 0x98, 0xB8, 0x93, 0x8C, 0x1C, 0x40, 0x0E, 0x7A, 0x67, 0x18, 0x55, 0xF4, 0xED, 0xD3,
        0x52, 0x21, 0x92, 0x98, 0x20, 0xE9, 0x9B, 0x2C, 0x2F, 0x8C, 0x2F, 0x09, 0xB4, 0x23, 0xD7, 0x01,
        0xE0, 0x4C, 0x72, 0xC8, 0xE1, 0xCF, 0x9B, 0x2B, 0x50, 0x3A, 0x0A, 0x31, 0x40, 0x82, 0xE2, 0x6B,
        0x6F, 0x74, 0x45, 0x1F, 0x35, 0xFC, 0x8A, 0x4C, 0xD0, 0x03, 0xC4, 0x3F, 0x45, 0x3E, 0x63, 0xB3,
        0xD4, 0x35, 0xCE, 0x6E, 0xA3, 0xD7, 0x76, 0x4A, 0x2A, 0x56, 0xB1, 0x3D, 0x8D, 0x81, 0x82, 0xB7,
        0xDB, 0x62, 0x4B, 0x6F, 0xF8, 0x13, 0xBA, 0x46, 0x72, 0xD3, 0xB8, 0xA7, 0x67, 0x20, 0x66, 0x9D,
        0x62, 0x3A, 0x21, 0x56, 0x75, 0x01, 0x9E, 0x17, 0x69, 0x1A, 0xC4, 0xAE, 0x62, 0x23, 0x0D, 0x4E,
        0xA4, 0x6C, 0x08, 0x67, 0x20, 0x87, 0x6A, 0xC4, 0xFD, 0xDA, 0x1B, 0x5E, 0x25, 0xE2, 0xC9, 0x92,
        0x34, 0xA8, 0x32, 0xC6, 0xFD, 0x42, 0x7C, 0xB8, 0x99, 0xEC, 0x25, 0x93, 0xC1, 0xE0, 0x2B, 0xD8,
        0x38, 0xD8, 0x66, 0x6E, 0xC0, 0x99, 0xED, 0x1A, 0xE1, 0x8E, 0x44, 0xB7, 0xC0, 0xE2, 0x05, 0xEB,
        0x6D, 0xE1, 0xA1, 0xBD, 0xE8, 0xBB, 0x47, 0x2E, 0x3A, 0x33, 0x1F, 0xBF, 0x4E, 0x44, 0x1E, 0xDD,
        0x53, 0xAA, 0x08, 0x02, 0xFC, 0xE1, 0xF4, 0x91, 0x51, 0x2A, 0xA0, 0xC4, 0xE9, 0x40, 0xA5, 0x0F,
        0x20, 0xF8, 0x21, 0x0B, 0xA6, 0x17, 0xE2, 0x9B, 0x4B, 0x37, 0x80, 0x76, 0xC8, 0x9D, 0x63, 0xA5,
        0x5F, 0x14, 0x46, 0x63, 0x8C, 0x8A, 0x0E, 0x78, 0x3B, 0x94, 0x92, 0x18, 0x17, 0xD5, 0x69, 0xE9,
        0xAF, 0xB3, 0x9E, 0x7A, 0x34, 0x38, 0x02, 0x4E, 0xF8, 0xE8, 0x63, 0x22, 0x65, 0xBE, 0x06, 0xDE,
        0x1D, 0x05, 0x81, 0xA0, 0x79, 0x54, 0xC9, 0xE2, 0x76, 0x77, 0x2D, 0xFB, 0x17, 0xF4, 0x75, 0x76,
        0x8A, 0xB0, 0x4D, 0x0F, 0xBF, 0xA2, 0xC5, 0xCD, 0x6C, 0x05, 0x6D, 0xEC, 0x8C, 0x2F, 0x3E, 0xD3,
        0x8D, 0x54, 0xA7, 0x77, 0x3B, 0xB5, 0x18, 0xE6, 0x0B, 0x0D, 0x40, 0xC5, 0x68, 0xAF, 0xBD, 0xFF,
        0xC3, 0x08, 0x37, 0x63, 0x10, 0xB7, 0xE2, 0x41, 0xAA, 0xFA, 0x7C, 0xAF, 0xEC, 0xE4, 0xE2, 0x4C,
        0xD6, 0xCD, 0x02, 0x2E, 0x87, 0x7C, 0x06, 0x05, 0xFA, 0xFD, 0xFE, 0x3A, 0x16, 0x1B, 0x69, 0x53,
        0x47, 0x42, 0x93, 0x9D, 0x1B, 0x1C, 0x6E, 0xAD, 0x64, 0xB2, 0x37, 0xC9, 0xC4, 0x6E, 0x74, 0x17,
        0x1A, 0x47, 0x87, 0xA5, 0x76, 0xB0, 0xBC, 0x40, 0x43, 0xB7, 0x7F, 0xAF, 0xAE, 0xCA, 0xCA, 0x3E,
        0xC6, 0x30, 0xA9, 0x2C, 0x60, 0x0F, 0x41, 0x37, 0xAB, 0x1C, 0xFE, 0x11, 0x66, 0x54, 0x2E, 0x2B,
        0x99, 0x4A, 0xDC, 0xE2, 0x6B, 0xEA, 0x50, 0x6C, 0x0E, 0x92, 0xE6, 0x34, 0x5B, 0xD2, 0xA4, 0x8C,
        0x3D, 0x39, 0x89, 0xCA, 0x12, 0x3D, 0x51, 0x9B, 0xAA, 0xB1, 0x27, 0xC2, 0x94, 0x54, 0xBE, 0xD2,
        0xEE, 0x25, 0x45, 0xB8, 0x63, 0xEE, 0xA5, 0xC8, 0xFB, 0x0D, 0xE1, 0xBB, 0x36, 0x35, 0x9A, 0xFC,
        0x47, 0x79, 0x78, 0x55, 0x4A, 0x68, 0x76, 0x30, 0x68, 0x28, 0xA5, 0xB2, 0x47, 0x43, 0x10, 0xC8,
        0x7F, 0x6D, 0x0F, 0x81, 0x92, 0x55, 0x7D, 0x7E, 0x80, 0x58, 0x47, 0x51, 0xA3, 0xB5, 0x00, 0x9F,
        0x22, 0x18, 0x29, 0x85, 0x65, 0x11, 0xD8, 0x75, 0x28, 0xF1, 0x4D, 0x60, 0x0F, 0x2A, 0x63, 0xC4,
        0x7A, 0xC4, 0xA5, 0x68, 0x79, 0x98, 0x3E, 0xBD, 0x13, 0x3F, 0x4B, 0x52, 0xFB, 0xCD, 0x68, 0x7C,
        0xEF, 0x57, 0x96, 0x3C, 0x89, 0x0C, 0x0A, 0x9B, 0xF7, 0xAA, 0x53, 0xC5, 0xB5, 0xF3, 0xE7, 0x69,
        0x42, 0xA7, 0x1B, 0x8C, 0xD3, 0x26, 0x7F, 0x51, 0x42, 0xF0, 0xFA, 0x32, 0xEC, 0x61, 0xC3, 0xC0,
        0xA8, 0x89, 0xBA, 0x15, 0x2F, 0xD0, 0x84, 0xB0, 0x87, 0x7F, 0x77, 0x63, 0xBB, 0xDE, 0xFA, 0x6B,
        0xA8, 0xF8, 0x26, 0x9A, 0xA1, 0x8B, 0xE2, 0x7D, 0x56, 0xFD, 0x94, 0xE4, 0xD9, 0x62, 0x55, 0x84,
        0x93, 0x70, 0x98, 0xB9, 0x53, 0x79, 0xCE, 0xA7, 0x8B, 0x16, 0x6A, 0x87, 0xBA, 0xF0, 0x05, 0xA4,
        0xAC, 0x51, 0xF2, 0x6F, 0x12, 0xB0, 0xF4, 0x81, 0x03, 0x95, 0xDE, 0x3C, 0x82, 0xDE, 0x49, 0x79,
        0xEB, 0x50, 0xC9, 0x38, 0x33, 0x09, 0x18, 0x94, 0xD1, 0xA1, 0x77, 0x0F, 0xCA, 0xCE, 0x4B, 0x9F,
        0x92, 0x60, 0xB6, 0x39, 0xC9, 0xE7, 0x96, 0xCA, 0xE4, 0x50, 0x25, 0x63, 0x36, 0x09, 0x5E, 0x0E,
        0xFD, 0xF8, 0xF8, 0xD3, 0xD5, 0x83, 0x1E, 0x30, 0xD7, 0x6C, 0xA4, 0xF6, 0x25, 0x22, 0xA7, 0x11,
        0x4C, 0xCF, 0xE3, 0x7D, 0xB7, 0x0E, 0x02, 0x70, 0x92, 0xFE, 0x44, 0xDD, 0xA7, 0xEC, 0xB0, 0x2A,
        0x10, 0x32, 0xDD, 0x62, 0xCE, 0xC6, 0x3D, 0x8B, 0x6E, 0x02, 0x77, 0xDD, 0xD8, 0x32, 0x01, 0x1C,
        0xE7, 0x51, 0xF1, 0x29, 0xD1, 0x56, 0xA0, 0x56, 0xC8, 0x70, 0x4B, 0xB2, 0x90, 0xCD, 0x1F, 0x11,
        0xC7, 0x97, 0x3F, 0xA5, 0x4B, 0x93, 0x5D, 0x02, 0x4A, 0xF3, 0xE7, 0x6D, 0x27, 0x41, 0x0A, 0xFB,
        0x90, 0x48, 0x08, 0x4B, 0x62, 0x03, 0xAC, 0xD4, 0x85, 0xF5, 0x92, 0x20, 0x19, 0xC5, 0x30, 0x49,
        0xC0, 0xEB, 0xFE, 0x86, 0xCB, 0x98, 0xC3, 0x67, 0xF1, 0x16, 0xB6, 0x7A, 0x3A, 0x72, 0xDD, 0xB3,
        0x55, 0xA9, 0xD3, 0x49, 0xA2, 0x68, 0x6E, 0x6D, 0xF9, 0x69, 0xC3, 0xBE, 0x48, 0xAD, 0xAB, 0x58,
        0x2B, 0x83, 0x7E, 0x84, 0x5D, 0x0F, 0x55, 0x02, 0x03, 0xE3, 0x6C, 0x07, 0x6E, 0x57, 0x8B, 0x20,
        0xA4, 0x7F, 0xE5, 0x9D, 0xF4, 0x3F, 0x3E, 0x15, 0x1C, 0x04, 0x3E, 0x71, 0x4A, 0x41, 0xD3, 0x16,
        0x39, 0x0A, 0x14, 0xB9, 0x48, 0xE3, 0xE1, 0x27, 0xD5, 0xD9, 0x9B, 0x14, 0x80, 0x1A, 0x71, 0x1B,
        0x7D, 0xF5, 0x87, 0x82, 0x38, 0xDB, 0x24, 0x36, 0x83, 0x58, 0xF0, 0xCE, 0xBD, 0xE8, 0xAB, 0xB6,
        0x6A, 0x4B, 0xBF, 0x25, 0x91, 0x48, 0x20, 0xB6, 0xBD, 0x4B, 0xA7, 0xB8, 0x30, 0x77, 0xE5, 0x8E,
        0xD1, 0x8F, 0xBA, 0x38, 0xCB, 0x2D, 0xD7, 0x72, 0xAB, 0xF9, 0xB8, 0xF2, 0x24, 0x17, 0x13, 0x76,
        0x5F, 0x40, 0x4F, 0x48, 0xE8, 0xD9, 0x0E, 0xB9, 0x97, 0xC8, 0x97, 0x24, 0x66, 0x03, 0xEB, 0xDD,
        0xBC, 0xB5, 0xAE, 0xE8, 0x08, 0x82, 0xC0, 0xFF, 0xFC, 0xB4, 0xB5, 0xC9, 0xF1, 0x58, 0x1D, 0x19,
        0x55, 0x1B, 0xB3, 0x8E, 0x45, 0xF3, 0x60, 0x6E, 0xF4, 0xD9, 0x82, 0x75, 0x78, 0xCB, 0xB5, 0x53,
        0x8C, 0xA4, 0x5E, 0xDF, 0x29, 0xFE, 0x8F, 0x90, 0xB6, 0x00, 0x93, 0x22, 0x47, 0x86, 0x77, 0x6F,
        0x30, 0x95, 0xC7, 0x44, 0x2E, 0x09, 0x86, 0xD3, 0x50, 0x69, 0x48, 0x4F, 0xF8, 0xF9, 0xEA, 0x54,
        0xA1, 0xFB, 0x4E, 0xBD, 0x13, 0xF1, 0xD7, 0xFC, 0xD3, 0xDA, 0x4C, 0xDC, 0xF3, 0x4E, 0x1A, 0x6F,
        0xAB, 0x12, 0x59, 0xCE, 0x37, 0xBC, 0xD5, 0x95, 0xA8, 0x4E, 0xD8, 0x0B, 0x3B, 0xE8, 0x4D, 0x00,
        0xA0, 0xDC, 0x4E, 0x2C, 0x7E, 0x12, 0x29, 0x48, 0x6E, 0x5E, 0xF1, 0x89, 0x70, 0x78, 0xDB, 0xD6,
        0x17, 0x21, 0xE4, 0xF9, 0x8C, 0xF1, 0x13, 0x70, 0x7D, 0x10, 0xEF, 0xB6, 0xEB, 0x33, 0x43, 0xDF,
        0x17, 0x9C, 0x6E, 0x11, 0x28, 0x4E, 0x88, 0xA1, 0xCF, 0x6F, 0x9F, 0x96, 0x0A, 0xC1, 0x2A, 0xF2,
        0xE2, 0xEE, 0x46, 0x25, 0xD8, 0x2F, 0xCC, 0x23, 0xC7, 0xE2, 0x52, 0x2B, 0xB1, 0xD7, 0x8C, 0x84,
        0x77, 0x2A, 0x7E, 0x52, 0x87, 0xE1, 0x79, 0x83, 0x1B, 0x65, 0x36, 0x9B, 0x1B, 0x62, 0xB6, 0xE7,
        0xC1, 0x49, 0xC5, 0x10, 0x98, 0x3C, 0xF7, 0x6E, 0x60, 0x3A, 0x0B, 0x3A, 0xD9, 0x17, 0x7D, 0xE0,
        0xB5, 0xB8, 0xA0, 0xCA, 0x39, 0x19, 0x2A, 0xBC, 0x80, 0xEE, 0x6D, 0x3F, 0xF2, 0x4B, 0xAB, 0xA7,
        0x6A, 0x36, 0x59, 0x86, 0x05, 0xB9, 0xD6, 0x6D, 0x71, 0x85, 0xF7, 0x4E, 0xE8, 0xE3, 0xB1, 0x3F,
        0xA7, 0x06, 0x5D, 0xB5, 0x3C, 0x47, 0xCA, 0xEE, 0xE4, 0xA2, 0xF0, 0x49, 0xAD, 0x48, 0x71, 0xBA,
        0x51, 0xBE, 0x58, 0x97, 0x9F, 0x83, 0xE0, 0x79, 0xDA, 0x7B, 0x93, 0x02, 0xAB, 0xB6, 0x72, 0xD7,
        0x9A, 0xC8, 0xFC, 0xD5, 0x60, 0xDB, 0x6F, 0x48, 0xF3, 0x6B, 0xD2, 0x03, 0x69, 0x13, 0x75, 0xF9,
        0xA5, 0xC6, 0xDD, 0xAE, 0xB9, 0xB7, 0xDD, 0x5A, 0x02, 0xB8, 0x9C, 0x3E, 0x38, 0xA2, 0xBA, 0xCC,
        0x63, 0x8D, 0xD9, 0xDE, 0x53, 0xB0, 0x77, 0x46, 0x6D, 0x3A, 0xA0, 0x2F, 0x5E, 0xF8, 0xAE, 0x3E,
        0xD7, 0x6E, 0x29, 0xC8, 0x48, 0x9A, 0x94, 0x7A, 0x53, 0x96, 0xC9, 0x22, 0xEE, 0x3D, 0xA6, 0x9E,
        0x0B, 0x2B, 0x05, 0x34, 0x1C, 0x84, 0x7C, 0x91, 0x5E, 0x45, 0x1E, 0xCA, 0x6A, 0x9A, 0xA2, 0xAE,
        0x84, 0x32, 0x82, 0x69, 0x67, 0x30, 0x15, 0x86, 0x20, 0x12, 0x78, 0x74, 0x5E, 0x20, 0x50, 0x67,
        0x49, 0x82, 0x66, 0xAD, 0x28, 0x45, 0xD3, 0xDC, 0xA8, 0x8B, 0xDE, 0x3B, 0x65, 0xB2, 0xDC, 0x33,
        0xC9, 0x4A, 0xE5, 0xC7, 0xD1, 0xD8, 0x4A, 0x5A, 0xF5, 0xD9, 0xAB, 0xB9, 0x73, 0x2D, 0x23, 0x5B,
        0xA2, 0x14, 0x16, 0x16, 0x5A, 0x50, 0x32, 0x18, 0xA8, 0x6D, 0xAA, 0x0B, 0xCF, 0x19, 0xAE, 0x13,
        0x8F, 0x0D, 0x21, 0x4A, 0x89, 0x3B, 0xB0, 0xCF, 0x50, 0x7B, 0xA8, 0x21, 0x74, 0xEA, 0x9E, 0x0F,
        0x6C, 0xD1, 0x79, 0x84, 0xD6, 0x01, 0xA1, 0xEF, 0xE7, 0x69, 0x3C, 0xF1, 0x8A, 0x58, 0x2B, 0xC7,
        0xF3, 0x0F, 0xB3, 0xDB, 0x84, 0x1A, 0x16, 0x5D, 0x49, 0xB3, 0xC1, 0x97, 0x42, 0xD3, 0x81, 0x71,
        0xBE, 0xA0, 0x4A, 0xE8, 0x84, 0x01, 0x1B, 0xAE, 0x44, 0xB7, 0x28, 0xF8, 0xB2, 0xA1, 0x6A, 0x43,
        0xA7, 0x45, 0xE7, 0x18, 0x7C, 0xC1, 0x67, 0x12, 0xE8, 0xEF, 0xCB, 0xF9, 0x0D, 0xBA, 0xB7, 0x9D,
        0x8B, 0xFB, 0xBC, 0x80, 0x6A, 0xCD, 0xDD, 0xC3, 0xA7, 0xB3, 0x8F, 0xEC, 0x42, 0x76, 0x2F, 0x42,
        0x31, 0x46, 0xAC, 0x3D, 0xF6, 0x05, 0xB5, 0x58, 0x0E, 0x48, 0x00, 0x1B, 0xD2, 0x82, 0x8D, 0xFD,
        0x59, 0xA3, 0x09, 0x63, 0x45, 0x47, 0x98, 0x22, 0xCD, 0xEB, 0x09, 0x54, 0x61, 0x6D, 0x48, 0x53,
        0x7E, 0x01, 0xC8, 0x97, 0xE6, 0xB5, 0x83, 0xEA, 0x2B, 0x7C, 0xC6, 0x1B, 0x10, 0x1B, 0x00, 0xAE,
        0x44, 0x8F, 0x87, 0x06, 0x36, 0x23, 0x3F, 0x11, 0x43, 0xDA, 0x35, 0x85, 0xA6, 0x40, 0xF6, 0x76,
        0x95, 0x37, 0xF3, 0xED, 0xA9, 0x2A, 0xC4, 0x2F, 0x43, 0x26, 0xAB, 0x72, 0xE4, 0xAD, 0x99, 0x8D,
        0x31, 0xFD, 0x6B, 0xA4, 0xEF, 0x95, 0xAF, 0x98, 0x73, 0x6C, 0xE4, 0xD4, 0x8A, 0x20, 0x81, 0x51,
        0x63, 0x4B, 0x35, 0x8F, 0x55, 0xA7, 0xF4, 0x0B, 0xAB, 0x5A, 0xA6, 0xF1, 0x94, 0x01, 0x91, 0xCE,
        0x94, 0xA0, 0x38, 0x78, 0xAD, 0x99, 0x70, 0x0A, 0x60, 0x30, 0xDB, 0xB0, 0x73, 0x07, 0xEA, 0x60,
        0xC2, 0x74, 0x6B, 0xDB, 0x1C, 0xF5, 0xCB, 0x76, 0xFF, 0xA5, 0xB6, 0xBD, 0x7A, 0x31, 0x35, 0x61,
        0x8B, 0xC8, 0x34, 0xEE, 0x50, 0xBD, 0x9B, 0x3D, 0x10, 0xCC, 0x3A, 0x15, 0x44, 0x61, 0x63, 0xCB,
        0xAC, 0x6A, 0xDE, 0x3E, 0x5D, 0x33, 0x28, 0xC6, 0x97, 0x49, 0x32, 0xA8, 0x3C, 0x5B, 0x7A, 0x3E,
        0x1F, 0xC4, 0x5D, 0xDB, 0xB5, 0x4C, 0x25, 0xD3, 0x5E, 0xB2, 0x63, 0x46, 0x5B, 0x5E, 0x64, 0x6F,
        0xC5, 0x08, 0x48, 0x07, 0x69, 0xFA, 0xCD, 0xD6, 0x4F, 0x33, 0x15, 0x48, 0x5C, 0x5F, 0x36, 0x75,
        0x84, 0x1B, 0xB8, 0x55, 0xF8, 0x57, 0xD3, 0x02, 0xC1, 0x52, 0xB3, 0x50, 0xFF, 0x0B, 0x6B, 0x82,
        0x98, 0x00, 0x44, 0x1D, 0x46, 0x3E, 0xD8, 0x03, 0x87, 0x93, 0xE5, 0x77, 0x62, 0x3F, 0x16, 0x1C,
        0xAF, 0x6C, 0x58, 0xD7, 0x6F, 0x9C, 0x4F, 0xAE, 0x9E, 0x3A, 0xAA, 0xD0, 0x90, 0x36, 0x87, 0xB2,
        0x46, 0x75, 0x08, 0x75, 0x6C, 0xDA, 0x18, 0xA1, 0xDA, 0x56, 0xE3, 0x78, 0x76, 0xC3, 0xE0, 0x71,
        0x37, 0x4D, 0xB9, 0x72, 0x91, 0x70, 0xD1, 0x8A, 0xFA, 0x33, 0xB8, 0x0A, 0xF9, 0x21, 0xF6, 0x1A,
        0x8E, 0x38, 0x01, 0x58, 0xCD, 0x2B, 0x90, 0x27, 0x87, 0x31, 0xE6, 0xE6, 0xEF, 0x54, 0x54, 0x9F,
        0x60, 0xDD, 0xEE, 0x61, 0x9F, 0x5A, 0x6D, 0x7D, 0x1E, 0x83, 0x17, 0xB3, 0x49, 0x98, 0x81, 0xAC,
        0xBB, 0xCD, 0xC4, 0x8C, 0x7F, 0x7C, 0x57, 0xB2, 0x28, 0x92, 0x2E, 0xB3, 0x8B, 0x3F, 0x27, 0x3C,
        0x48, 0x00, 0xC4, 0x45, 0x28, 0xC6, 0xC0, 0x69, 0xE4, 0x68, 0xF0, 0x2A, 0xEC, 0x6C, 0x85, 0xF1,
        0x4F, 0x81, 0x42, 0x3E, 0x93, 0x44, 0x57, 0xE5, 0x14, 0xEF, 0x93, 0x99, 0x98, 0xC2, 0x4E, 0x61,
        0xC5, 0x57, 0xA2, 0xAB, 0xF2, 0xC8, 0x17, 0xA7, 0x5F, 0xC7, 0x93, 0xEF, 0x6B, 0x9F, 0x5A, 0x0F,
        0x01, 0x71, 0xEE, 0x02, 0x4D, 0x97, 0x6E, 0x04, 0x69, 0x5D, 0x45, 0x73, 0x0E, 0xD5, 0xC6, 0xC5,
        0xC3, 0x58, 0x51, 0x9E, 0x75, 0x77, 0x48, 0x54, 0xD7, 0x56, 0x6E, 0x6F, 0xCE, 0xCF, 0x04, 0xEE,
        0x0C, 0xD5, 0xBC, 0x14, 0x54, 0x97, 0x56, 0xC4, 0x61, 0xCF, 0x41, 0x0C, 0x40, 0x91, 0xD2, 0x33,
        0x93, 0x22, 0x3F, 0x73, 0x00, 0x4D, 0xC0, 0x34, 0x00, 0x20, 0x63, 0x24, 0x05, 0x2A, 0x9D, 0x6F,
        0xD7, 0x4D, 0xD6, 0x75, 0xDD, 0xA2, 0x60, 0x69, 0xE9, 0x4D, 0x2A, 0x9C, 0x4D, 0x49, 0x99, 0xF3,
        0x4C, 0x82, 0xC3, 0x8F, 0x46, 0xD2, 0x38, 0x79, 0x65, 0x3C, 0x16, 0x80, 0x9F, 0x5B, 0x51, 0x65,
        0xB9, 0x72, 0x18, 0x85, 0x06, 0x29, 0x6E, 0x3E, 0x4C, 0x99, 0xFD, 0x59, 0xEE, 0x2E, 0x49, 0x82,
        0x82, 0x87, 0x6B, 0xF9, 0x4A, 0x37, 0xE1, 0x36, 0x4A, 0x27, 0x80, 0x7B, 0x55, 0x0F, 0x56, 0xDD,
        0xEF, 0x2A, 0x78, 0xBE, 0x41, 0x15, 0xC9, 0x04, 0x1C, 0x71, 0xFD, 0x24, 0x12, 0xE5, 0xD8, 0x06,
        0xF9, 0xB5, 0xA6, 0x8C, 0x5B, 0x8D, 0x9B, 0xA5, 0x43, 0xAF, 0xCB, 0x76, 0xF8, 0x14, 0x9E, 0x2A,
        0x05, 0xDD, 0x3B, 0x76, 0x10, 0x99, 0x65, 0xF9, 0xE4, 0x99, 0x03, 0x96, 0x8E, 0x23, 0xDC, 0x3F,
        0x2E, 0x9C, 0xA6, 0xF8, 0xA9, 0xE3, 0xFF, 0xE1, 0x64, 0xE9, 0x65, 0xDD, 0x6B, 0xB1, 0xD3, 0xD9,
        0x07, 0x9D, 0x53, 0x22, 0x48, 0x90, 0x19, 0x75, 0xE1, 0x19, 0x5B, 0xF9, 0xA0, 0x0F, 0xCC, 0xC5,
        0x96, 0x05, 0x2D, 0xFA, 0x0E, 0x65, 0x72, 0x4B, 0x3A, 0x89, 0x3B, 0x50, 0xCC, 0xA6, 0x67, 0xEB,
        0x58, 0xF7, 0xE3, 0x09, 0x0A, 0xA0, 0x8A, 0xD3, 0x40, 0xCB, 0x91, 0x29, 0xEC, 0x80, 0x86, 0x1B,
        0x27, 0xB1, 0x0A, 0xE9, 0x07, 0xA2, 0x21, 0x06, 0x41, 0x10, 0xF2, 0x92, 0x97, 0x52, 0x61, 0xD6,
        0x7A, 0xCF, 0xA1, 0xA3, 0xA9, 0xF3, 0x78, 0x23, 0xCE, 0xB7, 0x9D, 0xCF, 0x89, 0x93, 0xB0, 0xC7,
        0x62, 0x0D, 0xE4, 0xEF, 0xC9, 0xFE, 0xF7, 0x3B, 0xCF, 0xD0, 0xFE, 0xD0, 0x14, 0x90, 0x41, 0xD0,
        0xA0, 0x26, 0xAD, 0x82, 0x20, 0xBD, 0xA7, 0x29, 0xCB, 0xFD, 0x86, 0x4A, 0x0A, 0xBB, 0x8D, 0x20,
        0x08, 0x44, 0x45, 0xEE, 0x28, 0xC2, 0xBA, 0xFC, 0xFB, 0xD7, 0x65, 0x4D, 0xFF, 0x78, 0x24, 0xDD,
        0xF9, 0xB5, 0x83, 0xE9, 0x41, 0xCA, 0xA6, 0xCF, 0x38, 0xA4, 0x70, 0xBA, 0xB4, 0x0B, 0xCF, 0x07,
        0x3D, 0x47, 0xEB, 0xBD, 0xC6, 0x14, 0x51, 0x95, 0x4E, 0x2B, 0x88, 0x87, 0x9F, 0x30, 0x60, 0x16,
        0xA0, 0x07, 0x64, 0x6A, 0x53, 0x16, 0x30, 0x11, 0x93, 0x18, 0xDF, 0xAE, 0x45, 0x4E, 0xF1, 0x3A,
        0x3D, 0x8C, 0x7F, 0x42, 0x96
};

warden::ModuleProfile BuildProfile()
{
    warden::ModuleProfile profile;
    profile.key = {15595, warden::WardenArchitecture::X64};
    profile.abi = warden::ModuleAbi::Cata15595X64;
    profile.provenance = warden::ModuleProvenance::SignedCrossBuild;
    profile.operatingMode = warden::ModuleOperatingMode::Full;
    profile.assurance = warden::ModuleAssurance::StaticVerified;
    profile.checkCodes = {
        warden::Cata15595X64TimingCode,
        warden::Cata15595X64LuaCode,
        0,
        warden::Cata15595X64MemoryCode};
    profile.rekey.seed = {{
            0x8D, 0xB6, 0xE0, 0xC5, 0x86, 0x5A, 0x1F, 0xDB, 0x81, 0x0F, 0x26, 0xDB, 0x77, 0x3F, 0x68, 0x1F
    }};
    profile.rekey.expectedResponse = {{
            0x57, 0x79, 0x0E, 0x89, 0x1C, 0x05, 0xE7, 0xCE, 0xB3, 0x4E, 0x67, 0x54, 0xDA, 0xF3, 0x9E, 0x81,
            0x97, 0xFF, 0x5C, 0xEC
    }};
    profile.rekey.clientToServer = {{
            0x55, 0x80, 0x17, 0xAA, 0xED, 0x7F, 0xFF, 0xAB, 0x27, 0x3C, 0xB0, 0x0A, 0xBF, 0x51, 0x77, 0x95
    }};
    profile.rekey.serverToClient = {{
            0x1B, 0x12, 0xC1, 0xEA, 0xB4, 0x7A, 0x79, 0xA3, 0x2B, 0x3F, 0x8F, 0x7B, 0x3C, 0x98, 0x59, 0x12
    }};
    profile.moduleId = {{
            0x3E, 0xAD, 0x44, 0x70, 0xF0, 0xF4, 0xB6, 0xD4, 0xE5, 0xF6, 0x20, 0x15, 0x3F, 0x13, 0x89, 0x93,
            0xCE, 0x76, 0x82, 0x1A, 0xD5, 0x5C, 0x08, 0x86, 0x6B, 0x60, 0x0F, 0x54, 0xA8, 0x46, 0x22, 0x48
    }};
    profile.moduleKey = {{
            0x28, 0x04, 0xD3, 0x8F, 0x80, 0xEB, 0x03, 0xA6, 0x41, 0x9F, 0x35, 0x37, 0x17, 0x47, 0xD1, 0xF3
    }};
    profile.declaredSize = 24405;
    profile.container.assign(EncryptedContainer,
        EncryptedContainer + sizeof(EncryptedContainer));
    return profile;
}
}

namespace warden
{
ModuleProfile const& GetWardenModuleWin15595X64Profile()
{
    static ModuleProfile const profile = BuildProfile();
    return profile;
}
}
